product_name,core_terms,brand,stop_words,itemid,main_cat,weekly_orders
Ac mini portable 2 window,Ac,,"mini, portable",12117258,121,52
StarHome AC Duduk Mini Portable - Double Blower Mini AC - Kipas Angin,AC,Star Home,"Duduk, Mini, Portable",130216581,121,12
[500gram] Ac / kipas / fan fashion mini double blower,AC,,"Mini, Double, 500gram",35377294,121,11
AC Mini Portable Dual Fan,AC,,"Mini, Portable, Dual",21904975,121,11
AC MINI portable double Blower windows fan,AC,,"Mini, Portable, Double",44724337,121,11
Ac Mini Portable Double Windows,AC,,"Mini, Portable, Double",154531557,121,9
AC Mini Portable Double Fan,AC,,"Mini, Portable, Double",23658445,121,8
Ac mini portable 2 window,AC,,"Mini, Portable",160023302,121,7
AC MINI DOUBLE BLOWER,AC,,"Mini, Double",31996612,121,7
AC Mini Portable Double Cooler Fan / Kipas Angin Aromaterapi Parfum,AC,,"mini, portable",164305704,121,6
(KOTAK)AC MINI PORTABLE / KIPAS ANGIN DUDUK / MEJA / (DUDUK),AC,,"Mini, portable",132735242,121,6
[500gram] Ac / kipas / fan fashion mini double blower,AC,,"mini, 500gram",35377294,121,6
[500 gram] AC MINI double blower,AC,,"Mini, Double, 500gram",11998871,121,5
Qlik AC reflector / Talang AC / Akrilik AC 80 cm,AC Reflector,Qlik,80 cm,77257316,121,6
Alarm Pintu / Jendela Anti Maling,Alarm,,Pintu,64043941,121,24
Alarm anti maling pencuri jendela pintu kaca rumah toko gudang door alaram,Alarm,,,70981832,121,13
GEMBOK ALARM UNTUK ANTI MALING BUAT MOTOR MOBIL PAGAR PINTU SAFE,Alarm,,"Anti, safe",161579532,121,12
Alarm pintu Anti Maling,Alarm,,,134699165,121,11
Alarm Pintu / Jendela Anti Maling,Alarm,,,64044192,121,8
Alarm Pintu ANTI MALING,Alarm,,,13025267,121,8
Gembok Alarm KINBAR / Gembok anti maling alarm,Alarm,Kinbar,,98238014,121,8
Alarm anti maling pencuri jendela pintu kaca rumah toko gudang door alaram,Alarm,,,151802927,121,7
Gembok Alarm / Gembok Anti Maling,Alarm,,,9963536,121,7
Door Alarm/ Alarm Pintu /Alarm Pintu Anti Maling,Alarm,,,95509656,121,6
ALARM PINTU JENDELA ANTI MALING new,Alarm,,,11003534,121,6
Bell Alarm Pintu Jendela Anti Maling,Alarm,,,81598377,121,5
Alas Setrika Tebal 3cm,Alas Setrika,,"Tebal, 3cm",77061075,121,21
Inoac alas setrika,alas setrika,Inoac,,158349368,121,15
Serba Grosir Murah Alas Setrika Pakaian Pelindung Baju Cepat Licin Halus,Alas Setrika,,"Licin, Halus",127668011,121,8
ALAS SETRIKA/ ALAS GOSOK/KASUR BAYI/MATRAS ANAK KARAKTER INOAC,ALAS SETRIKA,INOAC,,109616811,121,6
Maspion Alas Setrika / Gosokan Tahan Panas,Alas Setrika,Maspion,Panas,75407525,121,6
Alas Setrika + Busa 2 cm,Alas Setrika,,2 cm,124063472,121,6
Alas setrika portable tebal 3cm,Alas setrika,,"portable, tebal, 3cm",9512398,121,5
ChinaTown - Alas Setrika Pakaian Matras Pelindung,Alas Setrika,,,164538537,121,5
Alas Setrika tebal 5cm Batik,Alas Setrika,,"tebal, 5cm, Batik",12355075,121,5
PROMO 2 ALAS SETRIKA + 1 COVER/SARUNG,ALAS SETRIKA ,,,61019032,121,7
ALAS SETRIKA/ ALAS GOSOK/KASUR BAYI/MATRAS ANAK KARAKTER INOAC,ALAS SETRIKA ,INOAC,,109616811,121,7
Alas Setrika Tebal 5cm,Alas Setrika ,,"Tebal, 5cm",77062728,121,7
Alat cukur rambut super taper WAHL,Alat Cukur,WAHL,"Rambut, Super ",69652321,121,16
Mesin / Alat cukur dan Potong Rambut Happy King,Alat cukur,Happy King,"Rambut, Potong",153143861,121,12
Wahl Super Taper (Classic Series) - Alat Cukur Rambut / Hair Clipper #Best Product & High Quality #,Alat Cukur,Wahl,Rambut,40387878,121,8
Riddex PLUS Alat Pengusir Tikus Pengusir Nyamuk Kecoak Praktis,Alat Pengusir Tikus,Riddex,"Tikus, Kecoak, Nyamuk",12462681,121,5
Alat Perekat Plastik Listrik Impluse Sealer 20cm Mesin Press,Alat Perekat Plastik,,20cm,163652663,121,9
Alat Pijat Mini (Mini Electric Massager),Alat Pijat,,Mini,75225955,121,5
Alat Pres Plastik Impulse Sealer Uk. 20 Cm Q2 PFS 200 BONUS ELEMEN !,Alat Pres Plastik,,20 cm,63594122,121,21
"Impulse Sealer,Alat Pres Plastik Q2 PSF-200 ( 20cm )",Alat Pres Plastik,,20cm,8112751,121,13
Q2 Impulse Sealer PFS-8300 Press Plastik 30cm/Mesin Pres Plastik/Alat Pres Plastik/Pres Plastik,Alat Pres Plastik,Q2,30cm,82572657,121,6
Q2 impulse sealer PFS 200/alat press plastik 20cm,Alat Press Plastik,Q2,20cm,7203303,121,7
Jual Alat Ukir Elektrik / Pulpen Ukir Elektrik Gelas Kaca Kayu Engrave It,Alat ukir,,"elektrik, gelas, kaca, kayu",22293889,121,11
Engrave Alat Ukir Multi Guna As Seen Tv / Pen Ukir Elektrik,Alat Ukir,,Multiguna,52788917,121,6
U Shape Jack 3.5mm Male to Dual Female Audio Splitter,Audio Jack,,3.5mm,12401431,121,9
BLUETOOTH AUDIO RECEIVER / USB BLUETOOTH AUDIO,Audio receiver,,"Bluetooth, USB",35232915,121,14
Baterai Vapor AWT 3000mAh 40A Battery 18650 Roko Elektrik Provesional,Baterai,AWT,"3000mAh, 40A",133098699,121,16
TERMURAH!! Baterai 18650 AWT 3000mAh 3.7V 40A,Baterai,AWT,"3000 mAh, 3.7V, 40A",108009223,121,15
Baterai AA / Batrey aa Traktormaxx Original SNI ISO Baterai A2,Baterai,Traktor,Original,125623011,121,12
BATERE AWT MERAH 3000MAH TYPE 18650,Baterai,AWT,"Merah, 3000mAh",121950713,121,11
Baterai Kancing LR44 AG13,Baterai,,Kancing,74376563,121,11
Eneloop Baterai A2 2000 mAh bp4 panasonic,Baterai,Eneloop Panasonic,2000mAh,13157643,121,8
Baterai AWT 3400mAh Hitam 18650 Black Vapor Batre Battery 3400 mAh,Baterai,AWT,"3400mAh, Hitam",163554042,121,7
Charger 4 Baterai Aaa/Batrai Aa/Batre Murah/Batrei + Lampu Led,Baterai,,Charger,20179496,121,7
Baterai / Batery Kancing AG3 / LR41 A025,Baterai,,Kancing,97351986,121,7
Charger Baterai Ultrafire 18650 2 Slot,Baterai,Ultrafire,Charger,35161347,121,7
Baterai ukuran a2 / a 2,Baterai,,a2,168868914,121,6
batere awt vapor merah type imr 18650 3000mah 3.000mah 3.7v 40a batre baterai battery,Baterai,"awt, AWT","Merah, 3000mAh, 3.7v, 40a",146148170,121,6
"Baterai 18650 untuk Power Bank, Senter, Kipas, dll",Baterai,,,52482401,121,5
Baterai / Batery kancing LR44 / AG13,Baterai,,kancing,100971462,121,5
Baterai Kancing Tipe CR 2032 3v,Baterai Kancing,,3v,19524778,121,5
Nitecore Intellicharger Universal Battery Charger 2 Slot for Li-ion and NiMH - New i2,Battery,Nitecore,Charger,51924370,121,7
Juicer / Blender Portable Shake n Take 3 Double Cup 2 Botol Praktis,Blender,Shake n Take,"Portable, Praktis",62979752,121,42
Shake n Take Hello Kitty 2 cup/gelas Juicer Blender Kitty Blend and Go,Blender,Shake n Take,,29290965,121,29
Juicer Blender PORTABLE & RECHARGEABLE - JUICER BLENDER PRAKTIS,Blender,,"Portable, Rechargeable, Praktis",102010377,121,22
Juicer Blender PORTABLE & RECHARGEABLE - JUICER BLENDER PRAKTIS,Blender,,"Portable, Rechargeable, Praktis",102010377,121,19
Mini Blender SHAKE N TAKE 3 Pink Hello Kitty (2 Botol) Original,Blender,Shake n Take,"Mini, Pink",39987647,121,14
[ GEN 3 ] SHAKE N TAKE GENERASI 3 BLENDER JUICER,Blender,Shake n Take,,100319804,121,13
PROMO!!!!!! 3 gen shake n take blender n juicer ( WAJIB TAMBAH BUBBLE),Blender,Shake n Take,,91758156,121,13
#11 NEW Shake n take portable juicer blender portable & rechargeable,Blender,Shake n Take,"Portable, Rechargeable",71339655,121,13
Shake n take 2 bottle Blender Juicer,Blender,Shkae n Take,,101243898,121,13
Shake n Go Mini Blender Portable & Rechargeable,Blender,Shkae n Go,"Mini, Portable, Rechargeable",8342306,121,12
Miyako Blender BL 102 PL - Putih,Blender,Miyako,Putih,82060870,121,11
PROMO!!!!!! 3 gen shake n take blender n juicer ( WAJIB TAMBAH BUBBLE),Blender,Shkae n Take,,91758156,121,11
Conbo appliance - #11 NEW Shake n take portable Juicer Blender Portable & Rechargeable,Blender,Shake n Take,"Portable, Rechargeable",74564557,121,11
Blender serbaguna bentuk capsul/capsule cutter quatre,Blender,,"Kapsul, Serbaguna",86345650,121,11
Conbo appliance - #11 NEW Shake n take portable Juicer Blender Portable & Rechargeable,Blender,Shake n Take,"Portable, Rechargeable",74564557,121,11
TANPA KABEL Juicer Portable Blender Mini : Belender Jus Buah Cas Rechargeable,Blender,,"Portable, Mini, Rechargeable, Buah",59204126,121,10
Blender manual Destec 2 tabung,Blender,,Manual,100480575,121,9
Blender usb/Juice blender portable n rechargeable[tanpa listrik bisa di canger]bisa power bank,Blender,,"Portable, Rechargeable",140948624,121,9
Conbo appliance - #11 NEW Shake n take portable Juicer Blender Portable & Rechargeable,Blender,Shake n Take,"Portable, Rechargeable",74564557,121,9
Botol Shake Hello Kitty /Shake n Take Blender Mini HK,Blender,Shake n Take,Mini,105207722,121,9
Hello Kitty Shake n Take / Botol Shake / Blender Mini,Blender,Shkae n Take,"Mini, Shake",164455834,121,9
Matsunichi national blender 3in1 gelas kaca 1L,Blender,Matsunichi National,1L,54562919,121,7
kitchen slicer Blender Manual perajang bawang Murah,Blender,,"Manual, Slicer, Bawang",33246209,121,7
Shake & Take 2 Cup And Blender,Blender,Shake n Take,,17564873,121,7
Juicer Blender Mini USB Rechargeable Murah,Blender,,"Mini, Rechargeable",121665590,121,7
PHILIPS Blender Plastik 1.25 Liter HR2057 - Hijau,Blender,Philips,"Plastik, Hijau",126806547,121,7
Shake N Take 3 - Jus-Blender Gelas 2 Tabung / shake and take 3,Blender,Shake n Take,,77341756,121,6
FREE BUBBLE | SHAKE N TAKE 3 | 2 TABUNG WARNA | BLENDER MINI EDISI BARU GENERASI 3,Blender,Shake n Take,Mini,20342653,121,6
Free Bubble Shake N Take Gen 3 (2 botol) Blender Mini,Blender,Shake n Take,Mini,109242976,121,6
Aimons Swift Chopper Multifunction Food Processor Blender Tanpa Listrik Penggiling Buah Sayur(White),Blender,Chopper,Multifunction,112091057,121,6
Swift Chopper Blender Buah Sayur Manual,Blender,,Manual,34372076,121,5
Shake N Take 3 - Jus-Blender Gelas 2 Tabung / shake and take 3,Blender,Shake n Take,,77341756,121,5
Juicer blender portable rechargeable NEW,blender,,"portable, rechargeable",69621426,121,5
PROMO!!!!!! 3 gen shake n take blender n juicer ( WAJIB TAMBAH BUBBLE),Blender ,Shake n Take,,91758156,121,8
CAPSULE CUTTER QUATRE/BLENDER CAPSUL,Blender capsul,,,61435811,121,10
Chopper Penggiling Daging Blender PHILIPS HR2939,Blender Daging,Philips,Penggiling,63637753,121,10
Blender kapsul,Blender kapsul,,,140237960,121,6
Capsule Cutter Quatre / Blender Kapsul Serbaguna,Blender Kapsul,,,118618932,121,5
Bohlam Emergency LED 12 watt FDT,Bohlam,,"LED, 12 watt",128548082,121,20
Bohlam LED Sentuh 12 Watt FDT/ADSS Emergency ON OFF,Bohlam,FDT,"Sentuh, Emergency",123089161,121,12
Bohlam led kyzuku 12 watt,Bohlam,Kyzuku,12 watt,100270239,121,8
Bohlam Emergency LED 12W sentuh nyala,Bohlam,,"Emergency, 12W",165536276,121,8
BOHLAM EMERGENCY 12 WATT,Bohlam,,"Emergency, 12 watt",130363743,121,6
Bohlam led kyzuku 9 watt,Bohlam LED,"kyzuku, Kyzuku",9 watt,100269991,121,6
Bohlam led kyzuku 7 watt,Bohlam LED,"kyzuku, Kyzuku",7 watt,100269642,121,5
Bohlam led kyzuku 15 watt,Bohlam led,"kyzuku, Kyzuku",15 watt,100270556,121,5
Bola lampu led AC DC 10w genius hannochs,Bola lampu,Hannochs,"AC DC, 10w",90780003,121,19
Bola lampu led AC DC 8w genius hannochs,Bola lampu,Hannochs,"AC DC, 8w",90784407,121,13
BOLA LAMPU LED HANNOCHS AC DC GENIUS 6W GENIUS HANNOCHS,Bola Lampu,Hannochs,"AC DC, 6W",110049455,121,7
Bola Lampu Philips Essential Led 3W,Bola Lampu,Philips,3W,61698856,121,5
Shake n Take 2 Botol,Botol,Shake n Take,,53542768,121,13
SHAKE N TAKE GEN 3 dapat 2 botol Free ongkir,Botol,Shake n Take,,3947301,121,12
Shake n take 3 dapat 2 Botol (Garansi Mesin 3 hari) 120rb DAPAT PISAU BUAH,Botol,Shake n Take,Garansi,1525487,121,11
Shake n take 3 dapat 2 Botol (Garansi Mesin 3 hari) 120rb DAPAT PISAU BUAH,Botol,Shake n Take,,1525487,121,7
Shake n take 3 dapat 2 Botol (Garansi Mesin 3 hari) 120rb DAPAT PISAU BUAH,Botol,Shake n Take,,1525487,121,7
SHAKE N TAKE GEN 3 dapat 2 botol Free ongkir,Botol,Shake n Take,,3947301,121,6
Shake n take 3 dapat 2 Botol (Garansi Mesin 3 hari) 120rb DAPAT PISAU BUAH,Botol,Shake n Take,,1525487,121,6
"Braket Tv Led 14""-32"" / Bracket Tv Lcd 14""-32"" (Flexible/Adjustable)",Bracket TV,,"LED, LCD, 14"", 32"", Flexible, Adjustable",26737299,121,15
DIAMOND Bracket TV LED/LCD 14-40 inch - Breket TV / Braket TV,Bracket TV,Diamond,"14 inch, 40 inch",57737848,121,8
"Bracket / braket / breket tv televisi lcd led plasma 10"" - 32"" inch flexible / adjustable",Bracket TV,,"10"", 32"", flexible, adjustable",78227299,121,8
Braket Holder LNB Ku Band,Braket holder,,,123296539,121,6
Spy Cam /Spycam Pen / Pena Camera BPR6,Camera,,"Pena, Spy Cam",19822867,121,15
Xiaomi CCTV 1080p Xiaofang Smart Wifi IP Camera Small Square Original,Camera,Xiaomi,"CCTV, Wifi, Small, Square, Original",149185364,121,12
Catok Mini Haidi Pelurus Rambut Bisa Untuk Catokan Curly Murah,Catok,Haidi,"Mini, Rmabut, Pelurus",15822924,121,5
CCTV Dummy / Replika / Pajangan,CCTV,,"Pajangan, Replika, Dummy",162848183,121,52
Xiaomi Xiaoyi Smart Cctv Camera Night Vision Wifi Original 100%,CCTV,Xiaomi,"Night, Vision, Wifi",24422717,121,19
CAMERA CCTV MICRO SD CCTV MEMORY MICRO TANPA DVR,CCTV,,Micro,70479616,121,16
CCTV Palsu / Dummy / Fake / Tiruan (Kamera Camera Simulasi Replika),CCTV,,Palsu,64037547,121,11
Dummy CCTV / Fake Camera / Kamera Palsu,CCTV,,Palsu,12167053,121,10
Camera CCTV Portable Micro SD,CCTV,,Portable,123574174,121,10
Ip Camera CCTV Mini Wifi p2p Wireless Security,CCTV,,"Mini, Wifi, Security",126769948,121,9
IP CAM IP CAMERA HOME CAMERA IP KAMERA CCTV BABY CAM BABY KAMERA BABY MONITOR 2 ANTENA WIRELESS,CCTV,,,144730089,121,9
CAMERA CCTV MICRO SD CCTV MEMORY MICRO TANPA DVR,CCTV,,Micro,70481072,121,8
Dummy CCTV / Fake Camera / Kamera Palsu,CCTV,,"Palsu, Dummy",43456118,121,7
CAMERA CCTV MICRO SD CCTV MEMORY MICRO TANPA DVR FREE ADAPTOR + Card Reader Micro,CCTV,,Micro,81543442,121,7
Charger Baterai VAPOR 2 Rel 18650 Batre 2 In 1 Ultrafire Swat,Charger Baterai,Ultrafire,,133098673,121,6
Charger Baterai VAPOR KABEL 2 Rel 18650 Batre 2 In 1 Ultrafire Swat,Charger Baterai,Ultrafire,,138402862,121,6
Baterai Charger Ultrafire 18650,Charger Baterai,"Ultrafire, UltraFire",,24284048,121,5
TERMURAH!! Charger Baterai Universal 2 Slot,Charger Baterai,,,116891038,121,5
Cover mesin cuci,Cover mesin cuci,,,41836265,121,7
Cover Pelindung Remote Control TV / AC / DVD / Parabola KUPU,Cover Remote Control,,,102924090,121,5
"Q2 Mini Cutter , P-201",Cutter,Q2,Mini,58883233,121,7
Dodawa DD-632 Donut Maker,Donut Maker,Dodawa,,16443904,121,6
Mito DVD player 677 /DVD/VCD/MP3,DVD Player,Mito,"DVD, VCD, MP3",10231739,121,12
"DVD PORTABLE / DVD PORTABLE GMC 7"" / DVD TV LED",DVD Portable,,"Portable, 7""",104280044,121,8
Fan portable Mini Tangan,Fan,,"Portable, Mini, Tangan",77467277,121,8
A111 hihi Fan Cover / Sarung Penutup / Pelindung / Pembungkus Kipas Angin Murah,Fan Cover,,,121806735,121,7
Gantungan Siul Keyfinder,Gantungan,,Siul,86067194,121,8
Gantungan kunci siul / keyfinder key finder,Gantungan kunci,,Siul,96391288,121,22
Gantungan kunci siul / keyfinder key finder,Gantungan kunci,,Siul,96391288,121,17
Gantungan kunci siul / keyfinder key finder,Gantungan kunci,,,96391288,121,16
Gantungan kunci siul / keyfinder key finder,Gantungan kunci,,Siul,96391288,121,15
Gantungan Kunci Siul Key Finder,Gantungan Kunci,,Siul,36403816,121,7
Gantungan Kunci Siul Key Finder Murah,Gantungan kunci,,Siul,31466420,121,7
Gantungan kunci siul anti lupa taruh kunci disiul alarm bunyi,Gantungan kunci,,Siul,66938503,121,6
Gantungan kunci siul,Ganutngan kunci,,Siul,108723458,121,7
Gembok kinbar alarm,Gembok,Kinbar,Alarm,78451586,121,15
GEMBOK ALARM UNTUK ANTI MALING BUAT MOTOR MOBIL PAGAR PINTU SAFE,Gembok alarm,,,155715518,121,6
Aimons Gembok Alarm Anti Maling Safety Lock Multifungsi,Gembok alarm,,Multifungsi,120005220,121,6
Glue Gun Alat Lem Tembak Murah,Glue Gun,,"Lem, Tembak, Murah",48479901,121,15
Glue Gun Lem Tembak,Glue Gun,,"Lem, Tembak",53268290,121,9
HAIR DRYER HELLO KITTY,Hair dryer,Hello Kitty,,64084134,121,7
Philips Hair Dryer HP-8108,Hair Dryer,Philips,,36312116,121,6
Hairdryer Rainbow Rambut Rapi Terawat,Hairdryer,,"Rambut, Rapi, Rainbow",41956850,121,5
Hand blender manual ALat kocok blend tangan manual murah,Hand blender,,"Manual, Tangan, Murah",69911763,121,15
Miyako Hand Mixer HM 620 - White,Hand Mixer,Miyako,White,78972289,121,14
Fantech Clink Hg-2 Headset Gaming Headphone Microphone Deep Bass,Headset,Fantech,"Deep, Bass",31234901,121,7
Headset Bluetooth Mini S530 - Micro Sport Stereo Bluetooth Earphone,"Headset, Earphone",,"Mini, Bluetooth",123573206,121,23
HT BAOFENG BF 888S ORI GARANSI,HT,BAOFENG,Garansi,122972801,121,7
HT BAOFENG POFUNG bf888S / BF-888S / BF 888s free Earset,HT,Baofeng,,70289865,121,6
HT Baofeng UV-5R / UV5R / UV 5R Dual Band UHF / VHF,HT,Baofeng,,25541992,121,5
IP Cam CCTV 2 antena Wifi,IP Cam,,Wifi,149137271,121,6
IP Cam Camera CCTV Dual Antenna 2 Antena 720P HD IR Night Vision,IP Camera,,,128173509,121,6
IP Camera cctv wifii NEW!!!,IP Camera,,Wifi,112261329,121,6
SKMEI Jam Tangan OLED Smartwatch Display Fitness and Notification L28T,Jam Tangan,SKMEI,Smartwatch,148034103,121,7
Jam Tangan Pria SKMEI Sport Watch Water Resistant - 1131,Jam Tangan Pria,SKMEI,"Sport, Water, Resistant",148147934,121,5
HHM117 Jam Moody Kubus Berubah 7 Warna + Pengukur suhu Jam Weker Alarm,Jam Weker,,"Kubus, Warna",29432141,121,10
Jam Meja / Weker (Alarm Clock) Baymax / Big Hero 6 ��,Jam Weker,,Baymax,71767074,121,6
Jual Jarum Double / Dobel / Kembar / Double needle mesin jahit,Jarum,,Double,47128408,121,8
Jarum Pentul Premium Pastel Merk HAKA TORI 25 Gr,Jarum,Haka Tori,25gr,75085892,121,7
Jarum Kaos/Spandek/Jersey Anti Loncat ORCHID (Mesin Jahit Portable),Jarum,Orchid,,79075719,121,7
EZ JET WATER CANON Alat Penyemprot Serbaguna Jet Water Cannon Spray,Jet Water Canon,,,119652611,121,6
Kabel cas senter / lentera tarik,Kabel cas senter,,,89919837,121,6
kabel duct 40x40,Kabel duct,,40x40,170303290,121,6
KABEL HDMI 1.5M JARING / HDMI 1.5 M / HDMI 1.5 METER,Kabel HDMI,,1.5 Meter,27665078,121,9
KABEL DUCT 50x100 50 x100,Kable Duct,,,170300846,121,7
Wall tapestry /kain tapestry,Kain,,Tapestry,140991885,121,7
KALKULATOR HELLO KITTY KT 865,Kalkulator,Hello Kitty,,10329975,121,9
Kalkulator/Calculator Kepala HELLO KITTY KT 2288 (12Digit) #Best Product & High Quality #ORIGINAL,Kalkulator,,"Original, Quality",54348962,121,7
Kalkulator RONBON 2618-II,Kalkulator,,,115022739,121,7
Laundry Bag Motif / Keranjang Tempat Baju Kotor Motif Kartun,"Keranjang Baju, Laundry Bag",,"Motif, Kartun",70726704,121,6
Gantungan kunci siul / Key Finder,Key Finder,,,129104829,121,49
PROMO Kipas Portable Powerbank plus baterai,Kipas,,Portable,16459857,121,51
Kipas Portable Mini,Kipas,,"Portable, Mini",114083447,121,14
[500gram] Ac / kipas / fan fashion mini double blower,Kipas,,"Mini, Double, Blower, 500gram",35377294,121,14
[500gram] Ac / kipas / fan fashion mini double blower,Kipas,,"Mini, Double, Power, 500 gram",35377294,121,13
Kipas Mini Plus Powerbank,Kipas,,"Mini, Plus",29196081,121,11
KIPAS PORTABLE + POWERBANK,Kipas,,Portable,149872014,121,10
Kipas portable & powerbankp khusus,Kipas,,"Portable, khusus",65134026,121,9
KIPAS PORTABLE + POWERBANK,Kipas,,Portable,149872014,121,7
KIPAS PORTABLE + POWERBANK,Kipas,,Portable,149872014,121,7
KIPAS PORTABLE + POWERBANK,Kipas,,portable,149872014,121,6
Kipas Powerbank ZDL F-68,Kipas,,,50587070,121,5
KIPAS MINI USB PORTABLE FAN STANDAR NON POWERBANK,Kipas,,"Mini, Standar, Portable",108372788,121,5
kipas powerbank robot bf05 original,Kipas,,Original,159232466,121,5
Kipas Mini Portable + Senter,Kipas ,,"Mini, Portable",165539216,121,13
kipas mini portable murah,Kipas ,,"Mini, Portable, Murah",135912279,121,7
KIPAS ANGIN PORTABLE RECHARGE + PORT USB (BISA JADI P0WERBANK),KIPAS ANGIN,,"PORTABLE, RECHARGE",31999758,121,154
Kipas Angin Mini Portable Recharge bisa jadi powerbank,Kipas Angin,,"Mini, Portable",72396476,121,82
KIPAS ANGIN PORTABLE TANGAN SNOWFLAKE,KIPAS ANGIN,,"PORTABLE, TANGAN",51595175,121,76
Kipas Angin Mini Portable Recharge bisa jadi powerbank,Kipas Angin,,"Mini, Portable, Recharge",72396476,121,75
Kipas Angin Mini Portable Recharge bisa jadi powerbank,Kipas Angin,,"Mini, Portable, Recharge",72396476,121,65
Kipas Angin Mini Portable Recharge bisa jadi powerbank,Kipas Angin,,"Mini, Potable, Recharge",72396476,121,55
Kipas Angin Mini Portable Recharge bisa jadi powerbank,Kipas Angin,,"Mini, Portable",72396476,121,49
Kipas angin mini portable F95B,Kipas angin,,"mini, portable",118020686,121,48
Kipas angin fan mini portable usb non powerbank power bank recharge cas portabel,Kipas angin,,"mini, portabel, recharge",72575212,121,47
Kipas angin mini portable F95B,Kipas angin,,"mini, portable",118020686,121,41
Kipas Angin Mini + Powerbank / Kipas Portable Cooling Fan Surabaya,Kipas Angin,,"Mini, Portable, Cooling",76095143,121,38
MINI FAN Kipas Angin Portable + POWER BANK / POWER BANK ( 6 PCS / KG ),Kipas Angin,,"Mini, Portable",138488624,121,35
Kipas angin portable Gagang,Kipas Angin,,Portable,118014737,121,31
Kipas angin mini portable F95B,Kipas angin,,"Mini, Portable",118020686,121,30
Kipas cas + powerbank pb + senter kipas angin cas baterai 18650,Kipas Angin,,,23235230,121,29
Kipas angin portable Gagang,Kipas Angin,,Portable,118014737,121,23
KIPAS ANGIN HK DUDUK PORTABLE RECHARGEABLE,Kipas Angin,,"Portable, Rechargeable",65382518,121,23
kipas angin gagang teckyo lipat genggam mini portable fan gmc rechargeable handy portabel,Kipas Angin,,"Mini, Portable, Lipat",115000632,121,21
[300 Gram] Dapat Batre Kipas angin portable powerbank mini usb 2in1 charger,Kipas Angin,,"Portable, Mini, 300 gram",52040363,121,20
[300 Gram] Dapat Batre Kipas angin portable powerbank mini usb 2in1 charger,Kipas Angin,,"Portable, Mini, 300 gram",52040363,121,18
Kipas angin usb 3 speed,Kipas angin,,USB 3,126589409,121,18
Kipas angin mini portable,Kipas angin,,"Mini, Portable",34749539,121,18
KIPAS ANGIN MINI PORTABLE 3 LEVEL + LED,Kipas angin,,"Mini, Portbale",110906422,121,17
[300 Gram] Dapat Batre Kipas angin portable powerbank mini usb 2in1 charger,Kipas angin,,"300 gram, portable, mini",52040363,121,17
Kipas Angin Portable Lipat Charger Pegang Tangan,Kipas Angin,,"Portable, Lipat, Pegang, Tangan",164264245,121,16
Kipas Angin Portable Mini Usb Powerbank Lampu,Kipas Angin,,"Portbale, Mini",108427424,121,16
Kipas angin portable Gagang,Kipas Angin,,"Portable, Gagang",118014737,121,16
Kipas angin mini portable Fan,Kipas Angin,,"Mini, Portable",23361628,121,16
Kipas angin portable Gagang,Kipas Angin,,"Portable, Gagang",118014737,121,16
(BULAT)KIPAS ANGIN PORTABLE MINI/MINI FAN USB,Kipas Angin,,"Mini, Portable",72813766,121,16
[300 Gram] Dapat Batre Kipas angin portable powerbank mini usb 2in1 charger,Kipas Angin,,"Mini, Portable, 300 gram",52040363,121,15
Kipas Angin USB MINI Fleksibel/Mini USB Fan Flexyble,Kipas Angin,,"Fleksibel, Mini",121748918,121,15
Kipas angin portable Gagang,Kipas angin,,"Portable, Gagang",118014737,121,14
Cover pelindung kipas angin,Kipas angin,,"Cover, pelindung",6137099,121,13
Kipas Angin Hello Kitty Recharger portable,Kipas Angin,Hello Kitty,"Recharge, Portable",71115621,121,13
KIPAS ANGIN PORTABLE TANGAN,Kipas Angin,,"Portable, Tangan",73234560,121,13
Kipas angin mini portable F95B,Kipas angin,,"mini, portable",118020686,121,12
Kipas Angin Mini Portable + Powerbank / Ac Mini,Kipas Angin,,"Mini, Portable",111874383,121,11
[300 gram] FREE BATRE kipas Angin Mini Portable / powerbank / charge,Kipas Angin,,"Mini, Portable, 300gram",52030253,121,11
Kipas Angin Tangan Portable / Gagang Rechargeable,Kipas Angin,,"Tangan, Portable, Rechargeable",109955767,121,11
KIPAS ANGIN PORTABLE/MINI FAN USB,Kipas Angin,,"Portable, Mini",121691209,121,11
Kipas Angin Portable + Power Bank,Kipas Angin,,Portable,33083509,121,10
Kipas Angin Powerbank 2in1 Mini Portable Fan,Kipas Angin,,"Mini, Portable",142977803,121,10
Kipas Angin Duduk HELLO KITTY,Kipas Angin,Hello Kitty,Duduk,103212854,121,10
Kipas Angin Mini Portable / Kipas Angin Mini USB,Kipas Angin,,"Mini, Portable",123522573,121,10
Kipas angin portable tangan,Kipas Angin,,"Portable, Tangan",71576854,121,10
Kipas Angin Mini Usb Flexibel,Kipas Angin,,"Mini, Flexible",11616317,121,10
PROMO BESAR Kipas angin portable tangan merek lishihu,Kipas Angin,Lishihu,"Portable, Tangan",77374587,121,10
Lithium KIPAS ANGIN MINI 2 in 1 KIPAS PLUS SENTER NON POWER BANK,Kipas Angin,,Mini,29527985,121,9
Kipas angin + Emergancy,Kipas Angin,,Emergency,25234148,121,9
[300 Gram] Dapat Batre Kipas angin portable powerbank mini usb 2in1 charger,Kipas Angin,,"Portable, Mini, 300gram",52040363,121,9
Kipas Angin Powerbank / Kipas Angin Portable / Kipas Mini,Kipas Angin,,"Portable, Mini",119710196,121,9
Kipas Angin Mini F68 Bisa Powerbank,Kipas Angin,,Mini,75615178,121,9
Kipas angin mini portable fan rechager,Kipas angin,,"mini, portable, recharger",114143513,121,9
AC Mini Portable Double Cooler Fan / Kipas Angin Aromaterapi Parfum,Kipas Angin,,"Mini, Portable, Aromaterapi, Parfum",66958348,121,9
Kipas Angin Mini Portable Fan - kipas mini cas -mini fan portable - FS,Kipas Angin,,"Mini, Portable",138931430,121,9
Kipas Angin Mini Portable Rechargeable USB,Kipas Angin,,"Mini, Portable, Rechargeable",80188570,121,8
Kipas Angin Mini Portable F95B Charger Baterai 18650 ( Recharger ),Kipas Angin,,"Mini, Portable, Recharge",133671746,121,8
Kipas Angin Mini Fan Support Power Bank,Kipas Angin,,"Mini, Support",24916407,121,8
Kipas Angin Mini Portable Recharge bisa jadi powerbank,Kipas Angin,,"Mini, Portable",72396476,121,8
Kipas angin Portable 3in1+Powerbank+Senter Lithium battery Fan,Kipas Angin,,Portable,16697006,121,8
Kipas angin portable 3 speed,Kipas Angin,,Portable,144474940,121,8
StarHome Kipas Angin Mini Portable Travel - Fresh Summer Black,Kipas Angin,Star Home,"Mini, Portable",130216553,121,7
Kipas Angin Mini Portable Rechargeable USB,Kipas Angin,,"MIna, Portable, Rechargeable",80188570,121,7
KIPAS ANGIN USB BESI,Kipas Angin,,,26165355,121,7
Ac mini duduk kipas angin handy cooler aromaterapi duduk meja usb handheld parfum fan portable,Kipas Angin,,"Duduk, Mini, Parfum, Cooler, Portable",49892447,121,7
Kipas Angin Mini Powerbank Mrh,Kipas Angin,,Mini,104354856,121,7
[300 gram] FREE BATRE kipas Angin Mini Portable / powerbank / charge,Kipas Angin,,"Mini, Portable, 300gram",52030253,121,7
Kipas Angin Mini Portable Rechargeable USB,Kipas Angin,,"Mini, Portable, Rechargeable",80188570,121,7
kipas angin otg 2in1 micro usb + usb port on the go mini portable fan portabel,Kipas Angin,,"Mini, Portable",123635512,121,7
(BULAT)KIPAS ANGIN PORTABLE MINI/MINI FAN USB,Kipas Angin,,"Mini, Portable, Bulat",72813766,121,7
Kipas Angin Mini Portable / Kipas Angin Mini USB,Kipas Angin,,"Mini, Portbale",123522573,121,7
Miyako Kipas Angin Meja KAD 927 B - Biru,Kipas Angin,Miyako,"Biru, Meja",78910050,121,7
Kipas Angin Mini Fan Portable,Kipas Angin,,"Mini, Portable",114186520,121,7
KIPAS ANGIN PEGANG MINI OPPO / HANDY MINI FAN / KIPAS ANGIN POWERBANK,Kipas Angin,,Mini,143112628,121,7
[ MURAH ] KIPAS ANGIN PORTABLE / KIPAS ANGIN MINI PORTABLE / KIPAS MINI,Kipas Angin,,"Portable, Mini",99437504,121,6
Kipas angin USB OTG/kipas angin mini usb+micro 2 in 1/kipas fan,Kipas angin,,mini,53561797,121,6
KIPAS ANGIN PORTABLE 3in1 BISA SENTER POWERBANK DAN KIPAS.,Kipas angin,,Portable,20021735,121,6
Kipas angin mini/kipas angin micro usb,Kipas angin,,mini,56397713,121,6
Kipas angin portable pegang/lipat,Kipas angin,,"Portable, Pegang, Lipat",121320381,121,6
Mini Portable Fan + Powerbank / Kipas Angin Portable,Kipas angin,,portable,36801921,121,6
(BULAT)KIPAS ANGIN PORTABLE MINI/MINI FAN USB,Kipas Angin,,"Portable, Mini",72813766,121,6
kipas angin mini 4 inc usb karakter hello kity paul frank doraemon,Kipas Angin,,"Mini, Hello Kitty, Doraemon",21677993,121,6
Kipas angin mini + powerbank,Kipas angin,,Mini,59644300,121,6
Kipas Mini Portable USB / Kipas Angin Mini Portable,Kipas angin,,"mini, Portable",156972503,121,6
Kipas Angin Portable Tangan,Kipas angin,,"Portable, Tangan",75878745,121,6
Paket 5 pcs Kipas Angin Portable Usb + Powerbank,Kipas Angin,,5 pcs,69414088,121,6
[300 gram] FREE BATRE kipas Angin Mini Portable / powerbank / charge,Kipas Angin,,"Mini, portable",52030253,121,6
Sekai - Kipas Angin Tornado HFN 650 ( 6 Inch ),Kipas Angin,Sekai,6 inch,114989677,121,5
Kipas Angin Mini/ Mini Fan Powerbank Portable + BATERAI,Kipas Angin,,"Mini, Portable",148441915,121,5
Kipas angin portable powerbank,Kipas Angin,,Portable,79580554,121,5
Kipas Angin Mini Portable / Kipas Angin Mini USB,Kipas Angin,,"Mini, Portable",123522573,121,5
Kipas Angin Mini Portable / Kipas Angin Mini USB,Kipas Angin,,"Mini, Portable",123522573,121,5
Kipas Angin Mini Portable / Kipas Angin Mini USB,Kipas Angin,,"Mini, Portable",123522573,121,5
"KIPAS ANGIN MINI ~FUNGSI SENTER, CHARGER, POWER BANK + TERMASUK BATRE",KIPAS ANGIN,,MINI,154322576,121,5
Kipas Angin Mini Portable Rechargeable USB,Kipas Angin,,"Mini, Portable, Rechargeable",80188570,121,5
Kipas Angin Mini Portable / Kipas Angin Mini USB,Kipas Angin ,,"Mini, Portable",123522573,121,9
Kipas USB minifan Portable,Kipas USB,,"Minifan, Portable",113115578,121,21
Kipas USB minifan Portable,Kipas USB,,"Minifan, Portable",113115578,121,13
Kipas USB minifan Portable,Kipas USB,,"Minifan, Portable",113115578,121,13
Kipas USB minifan Portable,Kipas USB,,"Minifan, portable",113115578,121,9
Kipas USB minifan Portable,Kipas USB,,"Minifan, Portable",113115578,121,7
Beli 2 gratis 1 Klem paku buat nempelin Lampu tumblr 25pcs,"Klem paku, lampu tumblr",,Nempelin,75635673,121,18
Progas Kompor Gas Portable 2 IN 1,Kompor,Progas,Portable,76879269,121,7
MASPION S-300 KOMPOR LISTRIK 600 WATT,Kompor listrik,Maspion,600 watt,32720914,121,7
Kompor Listrik Maspion S 300,Kompor Listrik,Maspion,,107947531,121,6
Konektor pres RG 6 dengan karet waterproof,Konektor pres,,waterproof,145921188,121,6
KOREK API ELECTRIC USB,KOREK ELECTRIC,,,97694750,121,5
Korek Api Listrik / Korek Elektrik / Korek Listrik / Korek USB,Korek Elektrik,,,7987901,121,91
Korek Api Listrik / Korek Elektrik / Korek Listrik / Korek USB,Korek Elektrik,,,25275380,121,89
Korek elektrik / korekapi elektrik / korek api usb,Korek Elektrik,,,161478647,121,23
Free ongkir_Korek Elektrik / Korek Elektrik Usb,Korek elektrik,,,1428050,121,16
Korek Api Listrik / Korek Elektrik / Korek Listrik / Korek USB,Korek Elektrik,,,29582492,121,9
korek api elektrik usb electric lighter cigarette rechargeable flameless,Korek Elektrik,,"Flameless, Rechargeable",114458921,121,7
Stick Touch Lamp (3 led),Lamp,,"Stick, Touch",10528273,121,18
Stick Touch Lamp,Lamp,,"Stick, Touch",9929879,121,10
Lampu tidur bunga avatar jamur mini,Lampu,,"tidur, jamur, mini",20931405,121,38
"PROMO TUMBLR LAMP / LAMPU TUMBLR / LAMPU NATAL ( merah, pink, putih, kuning, hijau, biru, ungu, rgb)",Lampu,,"Natal, merah, pink, putih, kuning",36026622,121,37
Lampu Tidur Jamur Avatar,Lampu,,"Tidur, Jamur",47707544,121,37
Lampu Tidur Kamar Jamur,Lampu,,"Tidur, Kamar, Jamur",136105730,121,28
DapurCantik - Lampu tidur sensor cahaya avatar lampu jamur led lamp elektronik rooms,Lampu,,"Tidur, Jamur",65958704,121,24
Lampu Tidur Jamur Avatar Sensor Cahaya,Lampu,,"Tidur, Jamur",23128129,121,23
LAMPU TIDUR JAMUR AVATAR SENSOR CAHAYA WINGLOCK,Lampu,,"Tidur, Jamur",110982405,121,22
Lampu Tidur Jamur Sensor,Lampu,,"Tidur, Jamur",98128213,121,21
Lampu Hias Natal Warna-Warni,Lampu,,"Hias, Natal, Warna-warni",93288355,121,20
Lampu Tidur Proyektor Star Master,Lampu,Star Master,Tidur,45435084,121,18
Lampu Tidur Helokitty,Lampu,,Tidur,30340445,121,15
Lampu Jamur Kecil,Lampu,,"Jamur, Kecil",10301364,121,15
Lampu Tidur Jamur Avatar Mini Mushroom Sensor Cahaya Murah Surabaya,Lampu,,"Tidur, Jamur, Mini, Murah, Surabaya",10317946,121,14
Lampu tidur sensor cahaya avatar lampu jamur led lamp elektron Prom,Lampu,,"Tidur, Jamur, Sensor",151812850,121,14
Lampu Tidur Jamur Avatar Mini,Lampu,,"Tidur, Jamur, Mini",102225809,121,13
Lampu led natal | twinkle | string | tumblr,Lampu,,"natal, string, tumblr",62616538,121,13
Lampu Tidur Jamur,Lampu,,"Tidur, Jamur",19636899,121,13
Lampu Ajaib Ringstar 15 Watt,Lampu,Ringstar,15 Watt,155763673,121,12
lampu jamur tidur avatar sensor cahaya gelap mushroom night lamp hias led unik,Lampu,,"Tidur, Jamur, Gelap, Hias, Unik",128094015,121,12
Lampu Keren 5M 28LED Pentagram String Fairy Dekorasi Pesta Pernikahan Natal,Lampu,,"Keren, Natal, Dekorasi, String",65974934,121,12
Stick Touch Lamp - Stick and Click - Lampu Lemari - Lampu Emergency Darurat,Lampu,,"Stick, Touch, Emergency",164277988,121,11
Stick Touch Lamp LAMPU TEKAN TEMPEL untuk DARURAT Mobil Lemari Kemah,Lampu,,"Stick, Touch, Emergency, Kemah",10325557,121,11
hhm115 - lampu malam untuk tidur bentuk jamur / mushroom night light,Lampu,,"Tidur, Jamur",29402334,121,11
LAmpu Tidur Jamur Mini Sensor Cahaya,Lampu,,"Tidur, Jamur,Mini",9961793,121,11
lampu tidur avatar bunga jamur,Lampu,,"Tidur, Bunga, Jamur",164203460,121,10
ChinaTown - Lampu Tidur Proyektor Star Master LED Bulan Bintang Love Ocean Universe,Lampu,Star Master,"Bulan, Bintang, Ocean",169689719,121,10
Lampu tidur led jamur mini/lampu hias,Lampu,,"tidur, jamur, mini, hias",120146914,121,10
Lampu Proyektor +Adator / Lampu Tidur,Lampu,,Tidur,9552311,121,10
Lampu hannochs genius 8w ACDC Sentuh Hidup Intelligent,Lampu,Hannochs,"ACDC, 8w, Sentuh",6664808,121,10
Stick Touch Lamp Stick and Click lampu Lemari Lampu Emergency,Lampu,,"Emergency, Stick, Touch",154074055,121,10
Lampu Proyektor +Adator / Lampu Tidur,Lampu,,Tidur,9552311,121,9
Lampu Tidur Proyektor Star Master Tanpa Musik,Lampu,Star Master,Tidur,20035314,121,9
Lampu Jamur Tidur Avatar,Lampu,,"Tidur, Jamur",129858519,121,9
Lampu Tidur Jamur Avatar Mushroom Sensor Cahaya LED Night Lamp,Lampu,,"Tidur, Jamur, Mushroom, Sensor",102922041,121,9
Lampu Tidur Jamur Avatar Bunga,Lampu,,"Tidur, Jamur, Bunga",7447908,121,8
Lampu Natal / tumbl /twinkle,Lampu,,Natal,112116895,121,8
Lampu bunny mini,Lampu,,"Mini, Bunny",10301105,121,8
Lampu disco Warna warni,Lampu,,Warna-warni,24291441,121,8
LAMPU TIDUR JAMUR AVATAR POT MINI LAMPU JAMUR/LAMPU SENSOR,Lampu,,"Tidur, Jamur, Mini, Sensor",15047298,121,8
Lampu tidur Anti Nyamuk 2 in 1,Lampu,,"Nyamuk, Tidur",34027238,121,8
Lampu tidur sensor cahaya avatar lampu jamur led lamp elektronik rooms,Lampu,,"Tidur, Jamur, Sensor",66187852,121,7
lampu camping lantern senter sx-G87,Lampu,,Camping,135483388,121,7
Lampu tidur avatar bunga jamur,Lampu,,"Tidur, Bunga, Jamur",73948067,121,7
lampu camping lantern zoom,Lampu,,Camping,140032011,121,7
Lampu jamur,Lampu,,Jamur,154480973,121,7
Lampu Emergency Mitsuyama 20 Watt 3 Baterai Pegang Nyala,Lampu,Mitsuyama,"Emergency, 20 Watt",46270288,121,6
Lampu phlipis paket 7w,Lampu,"philips, Philips",7w,132950996,121,5
Lampu tidur led jamur avatar sensor cahaya otomatis nyala waktu gelap,Lampu ,,"Tidur, Jamur, Sensor, Gelap",4126571,121,14
Lampu tidur / lampu pintar light control sensor cahaya,Lampu ,,"Tidur, Pintar, Sensor",131679938,121,13
Lampu Tidur Jamur,Lampu ,,"Tidur, Jamur",142368357,121,8
TERMURAH!! Lampu Hias/ Lampu Tidur Model Bunga,Lampu ,,"Hias, Tidur, Bunga",106829457,121,7
Lampu Tidur Jamur LED Avatar Multi Warna Sensor Cahaya,Lampu  LED,,"Multi, Sensor, Jamur",85388851,121,9
LAMPU BELAJAR LENGKUNG KEPALA DORAEMON LIPAT LED,Lampu Belajar,,"LENGKUNG, KEPALA, DORAEMON, LIPAT",10317572,121,5
Lampu Bohlam / Bulb LED 13 Watt 13 W Philips Putih 13w 13watt,Lampu Bohlam,Philips,"13watt, putih",9882647,121,20
Lampu LED Philips 18 watt Bohlam 18w / Philip Putih 18 w Bulb LED 18watt,Lampu Bohlam,Philips,"18 watt, putih",18044721,121,16
Lampu LED Philips 4 watt Bohlam 4w / Philip Putih 4 w Bulb LED 4watt,Lampu Bohlam,Philips,"Putih, 4 watt",9665660,121,15
Lampu Bohlam Emergency 15watt / Bohlam Ajaib,Lampu Bohlam,,15watt,101040398,121,15
Lampu LED Philips 3 watt Bohlam 3w / Philip Putih 3 w Bulb LED 3watt,Lampu Bohlam,Philips,"putih, 3 watt",18044016,121,13
Lampu Ceiling Led Philips Downlight Essential Meson 10w Kode 59203,Lampu Ceiling,Philips,10w,147455953,121,6
Lampu Ceiling Led Philips Downlight Essential Meson 7w Kode 59202,Lampu Ceiling,Philips,7w,147451247,121,5
lampu disko kyzuku,Lampu disko,"kyzuku, Kyzuku",,128032301,121,6
Lampu Fiting Emergency Remote Mitsuyama MS-25TP New Model (49LED),Lampu Fiting,Mitsuyama,,27942625,121,5
Lampu Fiting Emergency Mitsuyama MS-28TP 38 LED Super Terang Putih Kuning,Lampu Fiting,Mitsuyama,"Putih, Kuning",130494092,121,5
"IKEA HOLMO, Lampu lantai, 22x116cm",Lampu lantai,IKEA,22x116cm,14084789,121,5
Lampu hiasan pohon natal / tumblr led biru,Lampu led,,"biru, natal",99656831,121,106
Lampu natal led / hiasan pohon natal / tumblr lamp putih /white,Lampu led,,"putih, white, natal",99673904,121,103
Lampu Tidur LED Motif Kupu-Kupu Imut Dapat Berubah Warna Untuk Dekorasi Rumah/Ruangan/Meja/Dinding,Lampu LED,,"Kupu-kupu, Tidur",75189980,121,82
Lampu hiasan pohon natal / tumblr led warna warni / rainbow,Lampu led,,"natal, rainbow",99661543,121,77
PROMO Lampu tumblr lampu natal lampu led lampu hias ricelamp,Lampu led,,natal,75634900,121,59
PROMO Lampu tumblr lampu natal lampu led lampu hias ricelamp,Lampu led,,natal,75634900,121,56
TGB Lampu Tempel LED Darurat / LED Emergency / Tempel Klik Langsung Nyala,Lampu LED,,"Tempel, Emergency",73323215,121,44
"lampu led natal dekorasi , led twinkle light , led string WARNA WARNI",Lampu led,,"Natal, warna warni",134905380,121,32
Tumblr Lamp ��Rice Lamp ��Lampu natal led,Lampu led,,,96456551,121,31
Lampu LED tumblr lampu hias lampu natal fairy light,Lampu LED,,Natal,103043361,121,31
Lampu Hias Dekorasi Natal LED Kuning Yellow,Lampu LED,,"Natal, Kuning, Yellow",93295422,121,30
Tumblr Lamp ��Rice Lamp ��Lampu natal led,Lampu led,,Natal,96456551,121,29
PROMO Lampu tumblr lampu natal lampu led lampu hias ricelamp,Lampu led,,Natal,75634900,121,29
Lampu LED tumblr lampu hias lampu natal fairy light,Lampu LED,,Natal,153316563,121,27
Lampu Bohlam Ajaib 15W Emergency LED sentuh 15W,Lampu LED,,"15 W, Ajaib, Sentuh",110049950,121,23
Lampu LED tumblr lampu hias lampu natal fairy light,Lampu LED,,Natal,103043361,121,23
Tumblr Lamp ��Rice Lamp ��Lampu natal led,Lampu led,,Natal,96456551,121,23
Lampu LED Luby emergency 15w 15 watt,Lampu led,Luby,15 watt,9536700,121,22
Lampu Led Hannochs Genius 10w Sentuh Hidup Otomatis Nyala Bergaransi,Lampu led,Hannochs,"10w, otomatis, bergaransi",45222446,121,17
Lampu Hias Dekorasi LED Natal Biru Blue,Lampu led,,"Dekorasi, Biru, Blue, Hias",93293481,121,17
Lampu tidur sensor cahaya avatar lampu jamur led lamp elektronik rooms,Lampu led,,"tidur, jamur",138857838,121,16
"lampu led natal dekorasi , led twinkle light , led string PUTIH",Lampu led,,"putih, natal, dekorasi",134905391,121,14
Lampu Led Philips Ledbulb Essential 5w Hemat Terang Bergaransi,Lampu led,Philips,"Hemat, Terang, Bergaransi, 5w",29588297,121,14
Lampu led natal | twinkle | string | tumblr,Lampu led,,"Natal, String",62616538,121,13
"lampu led natal dekorasi , led twinkle light , led string WARM WHITE",Lampu led,,"Natal, Dekorasi, Warm, White",171659019,121,13
Lampu Tidur LED Night Sleep Lamp / Lampu Ruangan,Lampu led,,"Tidur, Ruangan, Sleep",121890297,121,12
LAMPU LED ( Stick Touch Lamp),Lampu led,,"Stick, Touch",64053834,121,12
Mushroom Lamp Lampu Tidur 3LED Nyala Cantik,Lampu led,,"Tidur, Cantik, Mushroom",92920160,121,12
Lampu hias natal Led,Lampu led,,"hias, natal",156160209,121,12
Lampu Tempel Led / Stick Touch Lamp,Lampu led,,"stick, touch, tempel",140734132,121,11
Lampu bohlam led emergency 12 watt ajaib 12wat 12watt wat bolam 12w w,Lampu led,,"emergency, 12 watt",117920616,121,11
Tumblr Lamp ��Rice Lamp ��Lampu natal led,Lampu LED,,,96456551,121,11
LAMPU LED HANNOCHS GENIUS EMERGENCY 8W 8WATT,Lampu LED,Hannochs,"Emergency, 8Watt",96649365,121,11
Lampu LED Philips 10.5 watt Bohlam 10.5w / Philip Putih 10.5 w Bulb LED 10.5watt,Lampu LED,Philips,"10.5 watt, putih",71139617,121,11
Lampu LED Philips 7 watt Bohlam 7w / Philip Putih 7 w Bulb LED 7watt,Lampu LED,Philips,"Putih, 7 watt",9882292,121,11
"Lampu LED USB + Kabel 1,5meter / Lampu Bohlam LED 5 watt + Kabel USB",Lampu LED,,"1,5 meter",7728244,121,11
Lampu Led natal + sambungan,Lampu LED,,Natal,166816308,121,11
lampu natal LED / twingkle LED Putih,Lampu LED,,Putih,84852247,121,11
Lampu Hias LED / Lampu Tidur Bunga Ungu With Sensor Cahaya,Lampu LED,,"Tidur, Bunga, Ungu",142556900,121,11
Lampu Natal LED RGB with Controller (harga per 10meter),Lampu LED,,10 meter,99609323,121,10
Lampu led ledbulb philips 4w hemat terang bergaransi,Lampu led,Philips,"4w, hemat, terang",606667,121,10
Lampu Led Philips 7 watt Bohlam 7w Philip Putih 7 w Bulb LED 7watt (Packing 4 pcs) Beli 3 Gratis 1,Lampu led,Philips,7 watt,127662415,121,10
[ terlaris ] lampu led jamur / lampu tidur,Lampu led,,Tidur,96493067,121,10
Lampu LED Philips bulb 13 watt (4pcs),Lampu led,Philips,13 watt,114685007,121,10
Paket beli 3 gratis 1 Lampu philips LED 13 watt putih,Lampu led,Philips,"13 watt, putih",56821925,121,10
Lampu Tidur LED Bentuk Jamur Dengan Warna Baru Gaya Romantis Cocok Untuk Malam Hari,Lampu LED,,"Tidur, Jamur, Romantis",75148285,121,10
Lampu LED Philips 6 watt Bohlam 6w / Philip Putih 6 w Bulb LED 6watt,Lampu led,Philips,"Putih, 6watt",9882161,121,10
Lampu led hannochs Premier 3w Hemat Terang Bergaransi,Lampu led,Hannochs,"Hemat, Terang",1520221,121,10
Lampu hannochs genius 6w,Lampu led,Hannochs,6w,6664705,121,10
Lampu natal led / hiasan tumblr warm,Lampu led,,"hiasan, warm, natal",99746225,121,10
lampu tiup pelita led light aladin aladdin blow sensor retro unik ajaib tidur emergency lamppp,Lampu Led,,"Tiup, Retro, Unik, Emergency  ",146091882,121,10
Bola lampu led AC DC 6w genius hannochs,Lampu led,Hannochs,"AC DC, 6w",87984606,121,9
"Lampu philips led paket 10,5w",Lampu led,Philips,"10,5w",132951927,121,9
Lampu Bohlam LED Philips warm white/kuning 3.5 watt 3watt 3w 3 w Bulb,Lampu led,Philips,"Warm, White, Kuning, 3.5watt",18047034,121,9
Lampu Tempel LED Darurat / LED Emergency / Tempel Klik Nyala,Lampu led,,"Emergency, darurat, tempel",14576193,121,9
Lampu led ledbulb philips 10.5w,Lampu led,Philips,10.5w,1861547,121,9
Lampu natal LED warna biru,Lampu led,,"Biru, Natal",155858761,121,9
Lampu LED Philips 4 watt 4w / Philip Kuning 4 w Bulb 4watt WARM WHITE,Lampu led,Philips,"warm, white, kuning, 4 watt",18045166,121,9
LAMPU LED GENIUS 10W HANNOCHS AC DC EMERGENCY MAGIC +Fitting gantung,Lampu led,Hannocs,"Emergency, 10W",91521201,121,9
LAMPU TIDUR PERANGKAP ANTI NYAMUK LED COLOK LISTRIK lampu tidur pengusir nyamuk,Lampu led,,"Tidur, Pengusir, Nyamuk",12036324,121,9
bohlam sentuh 15w lampu led light bulb ajaib 15watt 15 w watt emergency lamp unik,Lampu LED,,"Sentuh, 15 watt, emergency, unik",147329624,121,9
Lampu led genius 10w hannochs ac dc emergency magic + fitting gantung,Lampu LED,Hannocs,"Emergency, AC DC",46363542,121,8
Lampu Led Bulb LedBulb Philips 16w 16 Watt Hemat Terang Bergaransi,Lampu LED,Philips,16watt,174220576,121,8
Lampu LED Hannochs 9w 9 watt,Lampu LED,Hannochs,9watt,37193562,121,8
Lampu Led Ledbulb Arashi 5w Hemat Terang,Lampu LED,Arashi,5w,57949224,121,8
Emergency Lentera Tarik LED + Powerbank Solar / Lampu LED Camping Murah,Lampu LED,,"Camping, Murah, Tarik",24246947,121,8
Lampu Led natal + sambungan,Lampu LED,,,166816308,121,8
Lampu Led natal + sambungan,Lampu LED,,,166816308,121,8
Lampu LED Philips 13 watt Bohlam 13w / Philip Putih 13 w Bulb LED 13watt Lampu Led Philip 13w Putih,Lampu LED,Philips,"13 watt, putih",128132021,121,8
Lampu Hias Candle / Lampu Lilin LED Elektrik,Lampu LED,,"Elektrik,",113534989,121,7
Lampu Led Philips Ledbulb Essential 12w Hemat Terang Bergaransi,Lampu LED,Philips,12w,154410623,121,7
Lampu LED Philips 13 Watt ( Pack Edition ) Cool Daylight,Lampu LED,Philips,"Cool, Daylight, 13 Watt",167797681,121,7
Lampu Led natal + sambungan,Lampu LED,,Natal,166816308,121,7
Lentera LED / Lentera Solar / LAMPU Emergency Lentera Tarik Solar LED + Powerbank,Lampu LED,,"Emergency, Tarik",138868796,121,7
Bola lampu led ac dc 12w genius hannochs,Lampu LED,Hannochs,"AC DC, 12w",127517412,121,7
Lampu Led Philips 4 watt Bohlam 4w Philip Putih 4 w Bulb 4watt (Packing 4 pcs) Beli 3 Gratis 1 Paket,Lampu LED,Philips,4watt,127659012,121,7
"Lampu Philips LED 10,5w PAKET HEMAT",Lampu LED,Philips,"10,5w",96046828,121,7
Lampu led hannochs 5w,Lampu LED,Hannochs,5w,1520288,121,7
Lampu LED natal Merah Tumblr,Lampu LED,,"Natural, Merah",106588892,121,7
"Lampu LED Cantik Warna-Warni Bentuk Jamur, Lampu Tidur Penerangan Rumah dengan Plug US",Lampu LED,,"Jamur, Tidur",73318485,121,7
"lampu led natal dekorasi , led twinkle light , led string HIJAU",Lampu LED,,"Natal, Hijau",134905372,121,7
Lampu Led Philips Ledbulb Essential 3w Hemat Terang Bergaransi,Lampu LED,Philips,"3w, Bergaransi",29588079,121,7
Lampu Led Philips Ledbulb Essential 9w Hemat Terang Bergaransi,Lampu LED,Philips,"9w, Bergaransi",29588694,121,7
Lampu Led Hannochs Premier Ledbulb 9w Hemat Terang Bergaransi,Lampu LED,Hannochs,"9w, Bergaransi",27488228,121,7
Lampu LED Philips 18 watt Bohlam 18w / Philip Putih 18 w Bulb LED 18watt Lampu Led Philip 18w Putih,Lampu LED,Philips,18 watt,128133409,121,6
Paket promo beli 3 gratis 1 Lampu philips LED bulb putih 4 watt,Lampu LED,Philips,"Putih, 4 watt",56821068,121,6
Lampu Bohlam LED Emergency sentuh dipegang nyala,Lampu LED,,Emergency,121817075,121,6
Lampu Emergency MS-24 LED Fitting + Remote,Lampu LED,,Emergency,54320096,121,6
Bola lampu/ bohlam lampu AC / magic lamp LED 20W/ 18W 15W 11W 9W 7W 5W ARASHI emergency rechargeabl,Lampu LED,,"20W, 18W, 15W, 11W, 9W, 7W",108149972,121,6
"lampu led natal dekorasi , led twinkle light , led string MERAH",Lampu LED,,"Natal, Dekorasi",134905370,121,6
Lampu LED Philips 9 watt Bohlam 9w / Philip Putih 9 w Bulb LED 9watt Lampu Led Philip Putih Murah,Lampu LED,Philips,"9 watt, putih",128092238,121,6
Pre Order Lampu Natal LED Tumblr lights Lampu Tumblr Lampu hias WARMWHITE ONLY,Lampu LED,,"Warmwhite, Natal",173352214,121,6
Lampu usb/lampu LED,Lampu LED,,,53995160,121,6
Lampu Led Bulb LedBulb Philips 23w 23 Watt Hemat Terang Bergaransi,Lampu LED,Philips,23 watt,174229027,121,6
Lampu led Itami 3w Harga Ekonomis,Lampu LED,Itami,3w,34702687,121,6
Lampu LED Philips 10.5 watt Bohlam 10.5w / Philip Putih 10w 10.5 w Bulb LED 10watt 10.5watt Murah,Lampu LED,Philips,"10.5 watt, putih",128124771,121,6
Lampu LED Philips 9 watt Bohlam 9w / Philip Putih 9 w Bulb LED 9watt,Lampu LED,Philips,"9 watt, putih",9882486,121,6
Bola lampu/ bohlam lampu AC / magic lamp LED 20W/ 18W 15W 11W 9W 7W 5W ARASHI emergency rechargeabl,Lampu LED,ARASHI,"20W, 18W, 15W, 11W, 9W, 7W, 5W, emergency, rechargeable",108149972,121,6
Lampu led Ledbulb 12w Hannochs Premier Hemat Terang Bergaransi,Lampu LED,Hannochs,"12w, bergaransi",46256500,121,6
Lampu Led Philips Ledbulb Essential 7w Hemat Terang Bergaransi,Lampu LED,Philips,7w,29588497,121,6
LED TWINKLE / LAMPU TUMBLR / RICE LAMP / LAMPU NATAL,Lampu LED,,Natal,64248000,121,6
Lampu LED Philips 7 watt Bohlam 7w / Philip Putih 7 w Bulb LED 7watt Lampu LED Philip Putih Murah,Lampu LED,Philips,"7 watt, irfan",128090442,121,6
Lampu Led natal tanpa sambungan,Lampu LED,,Natal,166832154,121,6
Lampu LED tumblr lampu hias lampu natal fairy light,Lampu LED,,Natal,103043361,121,5
lampu emergency darurat setipis atm / LED card senter bisa dilipat dan,Lampu LED,,"Emergency, Tipis",36861801,121,5
Lampu Emergency Remote 32Led MS-24,Lampu LED,,Emergency,37589509,121,5
Lampu LED hannochs genius emergency / magic ac dc 10w 10 watt,Lampu LED,"hannochs, Hannochs","Emergency, AC DC, 10 watt",52711367,121,5
Stick Touch Lamp Led Lampu portable,Lampu LED,,Portable,26835270,121,5
Lampu LED Bulb Philips 7 Watt ( paket isi 4 ),Lampu LED,Philips,"7 watt, isi 4",119825537,121,5
LAMPU LED USB FLEXIBLE / STICK LAMP/ LAMPU EMERGENCY / LAMPU BACA,Lampu LED,,,173195542,121,5
LAMPU LED USB FLEXIBLE / FLEXIBEL / LAMPU LED SIKAT GIGI - TANPA PACKING,LAMPU LED,,FLECIBEL,161479164,121,5
Lampu hias natal LED,Lampu LED,,natal,156163293,121,5
Lampu led emergency /darurat 12 watt,Lampu led,,"emergency, darurat, 12 watt",64929299,121,5
Lampu Tidur LED Bentuk Bunga Tulip dilengkapi Sensor dengan Suasana Tenang Romantis untuk Hiasan,"Lampu LED,",,"Tidur, Bunga Tulip",75175471,121,35
LAMPU LENTERA MINI + SENTER+ POWERBANK,Lampu lentera,,Mini,147268659,121,13
Lampu LED Sorot / Tembak / Panggung / Outdoor / Taman / Lapangan - 20W / 20 W / 20 Watt,Lampu Sorot,,20 Watt,92613539,121,6
Lampu Sorot Par Led 54 RGBW Dj Stage Lighting Party ( Slim / Flat ),Lampu Sorot,,"Slim, Flat",66935058,121,5
Lampu Taman Tenaga Matahari LED Garden Lamp Taman LV Tenaga Surya Otomatis Tanpa Listrik Tanpa Kabel,Lampu Taman,,Otomatis,111216339,121,6
Lampu Taman Solar Mini LED (Tanpa Listrik),Lampu Taman,,"Mini, Solar",105833854,121,5
[ GROSIR ] LAMPU TIDUR AVATAR / LAMPU JAMUR,Lampu Tidur,,Jamur,97271388,121,7
Lampu Jamur Avatar/ Lampu Tidur unik,Lampu Tidur,,Jamur,93195943,121,7
Lampu Tidur Sendor Cahaya / Lampu Tidur Jamur,Lampu Tidur,,"Jamur, Sensor",75026678,121,7
Lampu Tidur Jamur Avatar Mushroom Sensor Cahaya LED Night Lamp,Lampu Tidur,,"Jamur, Sensor",171618437,121,7
LAMPU TIDUR FULL BODY USB DORAEMON / KEROPI,Lampu Tidur,,"Doraemon, Keropi",24843551,121,7
Lampu Tidur Proyektor Bulan Bintang Rotating - Star Master,Lampu Tidur,Star Master,,149298508,121,6
Lampu tidur sensor cahaya avatar lampu jamur led lamp elektronik rooms,Lampu tidur,,"Sensor, Jamur",66380429,121,6
Lampu Tidur Panda CA-1,Lampu Tidur,,Panda,60087555,121,6
"Lampu Tidur / Lampu Hias, LED, Jamur Unik Model Avatar",Lampu Tidur,,"Jamur, Unik",123573053,121,6
Lampu tidur sensor cahaya avatar lampu jamur led lamp elektronik rooms,Lampu tidur,,"Sensor, Jamur",153487344,121,6
Aimons Lampu Tidur Multicolor Lotus LED Sensor Lampu Jamur Avatar - White,Lampu tidur,,"Lotus, Jamur, White",112091227,121,6
"Lampu Tidur Jamur Led Avatar, Sensor cahaya",Lampu Tidur,,"Jamur, Cahaya",19679305,121,6
Lampu jamur avatar / lampu tidur avatar,Lampu tidur,,Jamur,136488705,121,6
Lampu tidur jamur avatar - lampu tidur unik,Lampu tidur,,"Jamur, Unik",55868113,121,6
LAMPU TIDUR / TUMBLR LAMP / TWINKLE LIGHT aneka warna,Lampu tidur,,Aneka warna,9350898,121,6
7 Warna Lampu Tidur LED Bentuk Bunga Mawar Ukuran Kecil Untuk Di Kamar Tidur,Lampu Tidur,,"Bunga, Mawar, Kecil, Di, Kamar Tidur",75189626,121,5
Lampu tidur kitty doraemon,Lampu Tidur,,"Kitty, Doraemon",84809115,121,5
"Lampu Kamar / Lampu Tidur Proyektor Gambar Hello Kitty, Doraemon",Lampu Tidur,,"Hello Kitty, Doraemon",82905090,121,5
[ PROMO MURAH FREE ONGKIR ] Lampu Jamur / Lampu Tidur,Lampu Tidur,,Jamur,128722379,121,5
LAMPU TIDUR KARAKTER PARIS TUDUNG // DORAEMON,LAMPU TIDUR,,"PARIS, DORAEMON",34003028,121,5
Lampu tidur sensor cahaya avatar lampu jamur led lamp elektronik rooms,Lampu tidur ,,jamur,67041432,121,6
(promo cuci gudang) Tumblr light lampu tumblr murah,Lampu tumblr,,,87253564,121,48
"PROMO TUMBLR LAMP / LAMPU TUMBLR / LAMPU NATAL ( merah, pink, putih, kuning, hijau, biru, ungu, rgb)",LAMPU TUMBLR,,"Natal, merah, pink, putih, kuning",36026622,121,39
(promo cuci gudang) Tumblr light lampu tumblr murah,Lampu tumblr,,,87253564,121,36
"PROMO TUMBLR LAMP / LAMPU TUMBLR / LAMPU NATAL ( merah, pink, putih, kuning, hijau, biru, ungu, rgb)",Lampu tumblr,,"Natal, merah pink, putih",36026622,121,35
(promo cuci gudang) Tumblr light lampu tumblr murah,Lampu Tumblr,,,87253564,121,34
Lampu LED natal Pink Tumblr,Lampu Tumblr,,"Natal, Pink",106588319,121,34
LAMPU TUMBLR KUNING // YELLOW TUMBLR LAMP,Lampu Tumblr,,"Natal, Kuning, Yellow",161628462,121,34
PROMO Lampu tumblr lampu natal lampu led lampu hias ricelamp,Lampu Tumblr,,Natal,75634900,121,33
(promo cuci gudang) Tumblr light lampu tumblr murah,Lampu tumblr,,,87253564,121,30
Tumblr Lamp ��Rice Lamp ��Lampu natal led,Lampu tumblr,,Natal,96456551,121,27
Lampu Natal / tumbl /twinkle,Lampu tumblr,,Natal,112116895,121,25
Tumblr Lamp ��Rice Lamp ��Lampu natal led,Lampu tumblr,,Natal,96456551,121,25
"PROMO TUMBLR LAMP / LAMPU TUMBLR / LAMPU NATAL ( merah, pink, putih, kuning, hijau, biru, ungu, rgb)",Lampu tumblr,,"Natal, merah, pink",36026622,121,22
Tumblr light / tumblr lamp / lampu natal / twinkle light,Lampu tumblr,,Natal,98935706,121,22
(promo cuci gudang) Tumblr light lampu tumblr murah,Lampu tumblr,,Murah,87253564,121,19
Tumblr light / tumblr lamp / lampu natal / twinkle light,Lampu tumblr,,Natal,98935706,121,18
Lampu natal led / hiasan pohon natal / tumblr led/merah/Red,Lampu tumblr,,"Natal, merah, red",99876772,121,18
Lampu pohon natal / hiasan tumblr led hijau,Lampu tumblr,,"Natal, hijau",99649417,121,17
Tumblr light / tumblr lamp / lampu natal / twinkle light,Lampu tumblr,,Natal,98935706,121,17
Lampu LED tumblr lampu hias lampu natal fairy light,Lampu tumblr,,"Natal, hias",103043361,121,16
Lampu LED tumblr lampu hias lampu natal fairy light,Lampu tumblr,,"Natal, hias",103043361,121,15
Lampu LED tumblr lampu hias lampu natal fairy light,Lampu tumblr,,"Hias, Natal",103043361,121,14
PROMO Lampu tumblr lampu natal lampu led lampu hias ricelamp,Lampu Tumblr,,Natal,75634900,121,14
Lampu LED tumblr lampu hias lampu natal fairy light,Lampu tumblr,,"hias, natal",103043361,121,14
Tumblr Lamp ��Rice Lamp ��Lampu natal led,Lampu tumblr,,Natal,96456551,121,13
Tumblr light / tumblr lamp / lampu natal / twinkle light,Lampu tumblr,,Natal,98935706,121,12
Lampu led natal | twinkle | string | tumblr,Lampu Tumblr,,"led, string",62616538,121,12
PROMO Lampu tumblr lampu natal lampu led lampu hias ricelamp,Lampu Tumblr,,"Natal, hias",75634900,121,12
(promo cuci gudang) Tumblr light lampu tumblr murah,Lampu tumblr,,Murah,87253564,121,11
Tumblr Lamp Tumblr Light Lampu Tumblr Lampu Natal Lampu Tidur Lampu Hias LED,Lampu tumblr,,Hias,89542381,121,11
"PROMO TUMBLR LAMP / LAMPU TUMBLR / LAMPU NATAL ( merah, pink, putih, kuning, hijau, biru, ungu, rgb)",Lampu tumblr,,"Natal, Merah, Pink, Putih",36026622,121,11
WARM WHITE (BEST SELLER) TUMBLR LAMP / TUMBLR LIGHT / LAMPU NATAL / LAMPU TIDUR,Lampu tumblr,,"Natal, Warm, White",137332599,121,11
Lampu tumblr Rainbow tumblr lamp tumblr light warna warni,Lampu tumblr,,"Rainbow, warna warni",85448584,121,11
Tumblr light / tumblr lamp / lampu natal / twinkle light,Lampu tumblr,,Natal,98935706,121,10
Promo lampu tumblr putih Promo natalan lampu tumblr/pohon /murah,Lampu tumblr,,"putih, natalan",85442806,121,10
Tumblr Lamp / lampu natal led harga khusus grosir,Lampu tumblr,,Natal,170078950,121,10
Tumblr light / tumblr lamp / lampu natal / twinkle light,Lampu tumblr,,"Natal, Biru",98935706,121,9
lampu hiasan natal / tumblr / pohon natal LED biru,Lampu tumblr,,"Natal, Biru",96259972,121,9
LAMPU TUMBLR / LAMPU NATAL / TUMBLR LIGHT,Lampu Tumblr,,,161757938,121,9
(promo cuci gudang) Tumblr light lampu tumblr murah,Lampu tumblr,,,87253564,121,8
Lampu Natal / tumbl /twinkle,Lampu tumblr,,Natal,112116895,121,8
"Lampu natal, lampu tumblr, lampu led PURPLE",Lampu tumblr,,"Natal, Purple",97765080,121,8
"PROMO TUMBLR LAMP / LAMPU TUMBLR / LAMPU NATAL ( merah, pink, putih, kuning, hijau, biru, ungu, rgb)",Lampu Tumblr,,"Natal, merah, pink, putih",36026622,121,8
LAMPU TUMBLR / LAMPU NATAL / TUMBLR LIGHT,Lampu tumblr,,Natal,161757938,121,8
"PROMO TUMBLR LAMP / LAMPU TUMBLR / LAMPU NATAL ( merah, pink, putih, kuning, hijau, biru, ungu, rgb)",Lampu Tumblr,,"Natal, merah, pink, putih, kuning",36026622,121,8
Tumblr Lamp / lampu natal led harga khusus grosir,Lampu tumblr,,Natal,170078950,121,8
LAMPU TUMBLR / LAMPU NATAL / TUMBLR LIGHT,Lampu tumblr,,,161757938,121,7
Lampu tumblr warna warni rainbow,Lampu tumblr,,Rainbow,124080947,121,7
Lampu Natal / tumbl /twinkle,Lampu tumblr,,Natal,112116895,121,7
Tumblr Lamp Tumblr Light Lampu Tumblr Lampu Natal Lampu Tidur Lampu Hias LED,Lampu tumblr,,"Natal, Hias",89542381,121,7
"Lampu natal, lampu tumblr, lampu led warna WARMWHITE",Lampu tumblr,,warmwhite,100776214,121,6
Tumblr light / tumblr lamp / lampu natal / twinkle light,Lampu Tumblr,,,98935706,121,6
Lampu tumblr / lamp race / lampu natal / lampu led,Lampu tumblr,,,121879853,121,6
"Lampu tumblr, lampu led, lampu natal warna BIRU",Lampu tumblr,,"Natal, Biru",100773422,121,6
Tumblr lamp Jelly lampu natal rice lamp,Lampu tumblr,,,74084297,121,6
USB LED Lampu Baca Stick Portable Tekuk Lamp Light,Lampu USB,,"Portable, Stick, Tekuk",119658590,121,19
USB Lampu LED Sikat,Lampu USB,,,37395008,121,10
lampu sikat usb led light stick lamp baca fleksibel flexible elastis model gigi emergency,Lampu USB,,"Fleksible, Elastis, Emergency, Stick",114486053,121,9
USB LED Light Emergency Lamps Portable Lampu Baca Laptop Surabaya,Lampu USB,,"Emergency, Portable, Baca, Surabaya",2433490,121,9
LAMPU USB LED FLEXIBLE,Lampu USB,,flexible,31744697,121,9
Lampu usb/lampu sikat/lampu led,Lampu USB,,,65861454,121,7
Lampu Led Sikat Gigi,"Lampu, Led",,,45609219,121,37
[FREE ONGKIR] Lampu Camping / Emergency Senter LED/ Lentera Tarik Solar + Power BanK,"Lampu, Senter",,Camping,98191920,121,22
Lampu Hias LED / Lampu Tidur Bunga Merah With Sensor Cahaya,Lampus Tidur,,"Bunga, Merah",142555550,121,5
[ MURAH FREE ONGKIR ) Lap Tangan Cendol Microfiber,Lap Tangan Microfiber,,,57284546,121,6
Lampu led disco rotating 3w,Lapu Led,,"Rotating, 3w",1861666,121,6
LED Strip 3528 / 2538 Outdoor IP 44 White / Putih,LED,,"Strip, Outdoor, Putih",67446800,121,7
LED 7w paket ( Dapet 4pcs ),LED,,"7w, 4pcs",95081868,121,6
LED Strip Outdoor 3528 / 2538 IP 44 Warm White (5meter),LED,,"Warm, white, 5 meter",71035394,121,6
[FREE ONGKIR] Lampu Camping/Emergency Lentera Tarik Solar + Powerbank + SENTER / Lampu Camping LED,Lentera,,"Camping, Emergency",87472023,121,62
Lentera mini solar cell jyf700,Lentera,,"mini, solar cell",66559861,121,51
[FREE ONGKIR] Lampu Camping/Emergency Lentera Tarik Solar + Powerbank + SENTER / Lampu Camping LED,Lentera,,"Camping, Emergency",87472023,121,47
Kt611 (free buble wrap) baichuan 3 in 1 Lampu tenda lentera emergency tarik senter kt 611 kt-611,lentera,Bai Chuan,"emergency, tarik",124057983,121,45
[1kg 4pcs] Lentera tarik mini LED Senter powerbank sollarcell komplit,Lentera,,"Mini, 1kg, 4pcs",10543192,121,38
Lampu Lentera Tarik Solar KT - 611 ( Tarik ),Lentera,,,159274150,121,27
LAMPU LENTERA SOLAR / LAMPU EMERGENCY SOLAR PANEL (recharge / battery),Lentera,,"Recharge, Emergency",26010055,121,15
lentera tarik / lampu emergency petromak solar / lentera powerbank,Lentera,,"Emergency, Tarik",153148802,121,14
Lampu Emergency Lentera Solar - Lampu Lentera Camping- Power Bank Unik,Lentera,,"Emergency, Unik",138930145,121,14
Lentera tarik senter solar cell,Lentera,,tarik,135363409,121,11
Lentera SX-G87,Lentera,,,98041037,121,11
LENTERA TARIK / LAMPU LENTERA CAMPING / LAMPU EMERGENCY SOLAR CHARGE (Recharge / Battery),Lentera,,"Emergency, Tarik, Camping, Recharge",135972314,121,11
Lampu Lentera Senter Powerbank / Lampu Emergensi charger sollar cell,Lentera,,Emergensi,108780969,121,11
Emergency Lentera tarik G-87 (Produk Terbaru) ( Ukuran sedang / Standart ),Lentera,,"Sedang, Standart, Emergency, Tarik",80248676,121,11
Lentera tarik Solar Powerbank + senter PB emergency power bank tenaga surya solar cell camping kemah,Lentera,,"tarik, solar, camping, kemah",137789772,121,10
Lampu Lentera Emergency Solar Dan Power Bank,Lentera,,Emergency,16399390,121,9
Lentera Tarik Mini + Senter + Powerbank Bai Chuan,Lentera,Bai Chuan,"Mini, Tarik",69849355,121,9
Kt611 (free buble wrap) baichuan 3 in 1 Lampu tenda lentera emergency tarik senter kt 611 kt-611,Lentera,Bai Chuan,"Emergency, Tarik",124057983,121,8
Lentera tarik + senter,Lentera,,Tarik,71705731,121,8
LENTERA TARIK + SENTER,Lentera,,Tarik,64181537,121,8
Lentera senter mini 5700 + senter,Lentera,,Mini,153135670,121,7
Kt611 (free buble wrap) baichuan 3 in 1 Lampu tenda lentera emergency tarik senter kt 611 kt-611,Lentera,Bai Chuan,"Emergency, Tarik",124057983,121,7
Lampu lentera Senter + Power bank GSH 7088A,Lentera,,7088A,134544082,121,7
Lentera Tarik Senter ZM New Model Promo,Lentera,,Tarik,69851496,121,7
LENTERA SOLAR - EMERGENCY LAMP - LAMPU LENTERA POWER BANK UNIK - LAMPU DARURAT,Lentera,,"Emergency, Unik",88520841,121,7
Lentera tarik +senter 4pcs/kg,Lentera,,"tarik, 4pcs/kg",56298480,121,7
Senter Lentera SX9598 / New Lentera ( Ukuran Sedang / Standart ),Lentera,,"Sedang, Standart",80251758,121,6
[FREE ONGKIR] Lampu Camping Mini /Emergency Lentera Tarik Solar MINI + SENTER / Lampu Camping LED,Lentera,,"Mini, Emergency",112127892,121,6
Lentera Tarik + SENTER 5800,Lentera,,Tarik,34373482,121,6
Lentera Tarik Senter Mini XRB TB-9598,Lentera,,"Tarik, Mini",126763809,121,6
Kt611 (free buble wrap) baichuan 3 in 1 Lampu tenda lentera emergency tarik senter kt 611 kt-611,Lentera,"baichuan, Bai Chuan",emergency,124057983,121,6
LENTERA SOLAR TM,Lentera,,Solar,31107912,121,6
Lentera tarik + senter,Lentera,,Tarik,71705731,121,6
LENTERA SOLAR - EMERGENCY LAMP - LAMPU LENTERA POWER BANK UNIK - LAMPU DARURAT,Lentera,,Emergency,88520841,121,6
LENTERA TARIK/LAMPU CAMPING,Lentera,,"Camping, Tarik",25770086,121,6
Lentera Tarik Senter Mini XRB TB-9598,Lentera,,"Mini, Tarik",126763809,121,6
DapurCantik - (TERMURAH) LAMPU Emergency Lentera Tarik Solar LED + Powerbank / Lampu LED Camping,Lentera,,"Emergency, Tarik",112066522,121,6
Lentera solar tarik plus senter,Lentera,,"Solar, Tarik",151929191,121,6
Lentera emergency solar+Senter (lentera solar mini+senter),Lentera,,"Mini, Solar",149739858,121,5
Lentera tarik + senter + solar cell + powerbank emergency,Lentera,,"Emergency, Tarik",20268524,121,5
Lampu Lentera Senter Solar CAMPING / Bisa POWERBANK tenaga MATAHARI,Lentera,,"Camping, Tenaga, Matahari",21951950,121,5
(TERMURAH) LAMPU Emergency Lentera Tarik Solar LED + Powerbank / Lampu LED Camping,Lentera,,"Tarik, Solar, Camping",112067874,121,5
LENTERA SOLAR - EMERGENCY LAMP - LAMPU LENTERA POWER BANK UNIK - LAMPU DARURAT,LENTERA,,"DARURAT, EMERGENCY, SOLAR",88520841,121,5
Lentera Tarik TM / Lentera Camping / Lampu Emergency,Lentera,,"Camping, Emergency, Tarik",59041321,121,5
Lentera mini 5700 + senter emergency tarik powerbank,"Lentera, senter",,mini,93713861,121,30
lentera solar tarik plus senter,"Lentera, Senter",,Tarik,59675300,121,22
LENTERA TARIK SENTER 5800,"Lentera, Senter",,Tarik,79857001,121,19
[1kg 4pcs] Lentera tarik / emergency mini plus senter,"Lentera, Senter",,"Mini, Tarik, 1kg",18354611,121,15
[FREE ONGKIR] Lampu Camping/Emergency Lentera Tarik Solar + Powerbank + SENTER / Lampu Camping LED,"Lentera, Senter",,"Camping, Tarik",44722843,121,15
1kg bisa 4pcs Rp 120rb Lampu Lentera MINI+Senter+Solar Powerbank/Camping Lantera GRATIS BUBBLE WRAP,"Lentera, Senter",,"Mini, 1 kg, Camping",114773725,121,14
Lentera solar tarik senter mini,"Lentera, senter",,"Mini, Tarik",146645308,121,13
51NEW Lampu Lentera Camping / Emergency Solar Cell + Powerbank + Senter,"Lentera, Senter",,Emergency,10365002,121,12
Lilin Elektrik Mini / Lilin Battery / LED Lamp 4 Colors Unik Sourvenir,Lilin Elektrik,,"Mini, Unik",7728000,121,13
Liquid ejuice starbuz,Liquid e juice,"starbuz, Starbuzz",,125100234,121,5
Magnet Strip Flexible 15x2mm Sticker 3M Kulkas Kasa Nyamuk Kerajinan panjang 1 meter,Magnet Strip,,"1 meter, 15x2mm",67463721,121,5
Mesin cuci mini Polaris XPB 35 - 218,Mesin Cuci,Polaris,Mini,48191357,121,11
Cover mesin cuci,Mesin Cuci,,Cover,41836265,121,9
Mesin cuci mini Polaris XPB 35 - 218,Mesin Cuci,Polaris,Mini,135086369,121,8
Mesin cukur jenggot kumis - philips electric shaver pq 206 pq206 original + bubble wrap,Mesin cukur,Philips,"Original, Kumis, Jenggot",13441513,121,10
"MESIN JAHIT MINI PORTABLE GT-202 LED / FHSM 202 LED / S2 DENGANLAMPU, ADAPTOR DAN PEDAL",MESIN JAHIT,,"MINI, PORTABLE",35959291,121,563
"MESIN JAHIT MINI PORTABLE GT-202 LED / FHSM 202 LED / S2 DENGANLAMPU, ADAPTOR DAN PEDAL",MESIN JAHIT,,"MINI, PORTABLE",35959291,121,534
"MESIN JAHIT MINI PORTABLE GT-202 LED / FHSM 202 LED / S2 DENGANLAMPU, ADAPTOR DAN PEDAL",MESIN JAHIT,,"MINI, PORTABLE",35959291,121,393
[ PO KIRIM PLG LAMBAT Sabtu 18 Maret ] MESIN JAHIT MINI PORTABLE GT-202/FHSM-202 NEW ADA LAMPUMYA,MESIN JAHIT,,"MINI, PORTABLE",76879434,121,367
MESIN JAHIT PORTABLE ( mini portable sew machine ),MESIN JAHIT,,"MINI, PORTABLE",74254354,121,238
Mini Sewing Machine S2 / FHSm 202 / GT 202 Mesin Jahit mini dengan Lampu dan Pedal,Mesin Jahit,,mini,67286919,121,226
TERMURAH !! MESIN JAHIT GT- 202 /FHSM- 202 MINI PORTABLE,MESIN JAHIT,,"MINI, PORTABLE",137172117,121,201
PROMO!! Mesin Jahit Mini Portable GT-202 / FHSM-202 LED,Mesin Jahit,,"Mini, Portable",80958853,121,200
MESIN JAHIT MINI PORTABLE GT-202 / FHSM-202,MESIN JAHIT,,"MINI, PORTABLE",98500379,121,158
Mesin jahit mini portable GT-202/FHSM-202,Mesin jahit,,"mini, portable",45707012,121,92
[1100gram] Mesin Jahit mini Portable ADA LAMPU LED / mini sewing machine GT202 GT 202 /FHSM 202,Mesin Jahit,,"mini, Portable",53147691,121,76
PROMO !!! HARGA GILA..[DUS UNGU]Mesin jahit GT 202/mesin jahit mini portable GT 202/FHSM 202,Mesin jahit,,"mini, portable",96444842,121,74
MESIN JAHIT MINI PORTABLE ADA LAMPU NYA,MESIN JAHIT,,"MINI, PORTABLE",95247432,121,70
MESIN JAHIT MINI PORTABLE GT-202 / FHSM-202,MESIN JAHIT,,"MINI, PORTABLE",98518839,121,68
"A137 hihi MESIN JAHIT MINI PORTABLE GT-202 LED / FHSM 202 LED / S2 DENGAN LAMPU, ADAPTOR DAN PEDAL",MESIN JAHIT,,"MINI, PORTABLE",121821179,121,63
Mesin Jahit Mini Portable 2 Benang Ver.2 (2 Control Speed + LED),Mesin Jahit,,"Mini, Portable",11797013,121,63
"HAHA A137 MESIN JAHIT MINI PORTABLE GT-202 LED / FHSM 202 LED / S2 DENGAN LAMPU, ADAPTOR DAN PEDAL",MESIN JAHIT,,"MINI, PORTABLE",121771629,121,57
PROMO!! Mesin Jahit Mini Portable GT-202 / FHSM-202 LED,Mesin Jahit,,"Mini, Portable",80958853,121,52
MESIN JAHIT MINI PORTABLE GT-202 / FHSM-202,MESIN JAHIT,,"MINI, PORTABLE",98518583,121,52
MESIN JAHIT MINI PORTABLE GT-202/FHSM-202 NEW,MESIN JAHIT,,"MINI, PORTABLE",80556708,121,45
Mesin jahit mini portable GT-202 ada lampunya,Mesin Jahit,,"mini, portable",164553891,121,44
MESIN JAHIT MINI FHSM 202 NEW PLUS LAMPU,MESIN JAHIT,,MINI,68547239,121,44
Mesin Jahit Baju Mini Tangan / Sewing Singer Staples,Mesin Jahit,,"Mini, Tangan",122950149,121,42
TERMURAH !! [ TYPE 202 ] MESIN JAHIT MINI PORTABLE GT-202 / FHSM-202 TERMURAH ( FREE BUBBLE),MESIN JAHIT,,"MINI, PORTABLE",72076662,121,37
MESIN JAHIT MINI PORTABLE GT-202/FHSM-202,MESIN JAHIT,,"MINI, PORTABLE",161488122,121,36
[Ada lampunya]MESIN JAHIT MINI PORTABLE SEWING MACHINE FHSM 202,MESIN JAHIT,,"MINI, PORTABLE",101954470,121,34
Mesin Jahit Mini Portable GT 202 / FHSM-202 New Ada Lampunya,Mesin Jahit,,"Mini, Portable",72509031,121,31
MESIN JAHIT MINI PORTABLE GT-202 / FHSM-202,MESIN JAHIT,,"MINI, PORTABLE",73387809,121,31
Mesin Jahit Mini alat tangan stapless portable portabel staples singer praktis,Mesin Jahit,,"Mini, portable",64854347,121,28
MESIN JAHIT PORTABLE ( mini portable sew machine ),MESIN JAHIT,,PORTABLE,157690225,121,25
MESIN JAHIT MINI STAPLES new Tekan Tangan Genggam,MESIN JAHIT,,"MINI, Tangan",10323185,121,24
(DUS MERAH)Mesin jahit portable mini fhsm 202 new versi ada tambahan lampunya,Mesin jahit,,"portable, mini",74731269,121,22
MINI PORTABLE SEWING KIT : Mesin Jahit Genggam Murah,Mesin Jahit,,"MINI, PORTABLE",34254281,121,22
Mesin jahit mini portable gt-202 / FHSM -202 (NEW KEMASAN VERSI BARU DUS UNGU ),Mesin jahit,,"mini, portable",136928558,121,19
TGB Mesin Jahit Mini / Mesin Jahit Portable / Mesin Jahit Tangan,Mesin Jahit,,"Mini, Portbale, Tangan",62845279,121,19
Mesin jahit mini S2 LED / Faham 202 LED,Mesin jahit,,mini,160134848,121,18
mesin jahit Portable FHSM 202 ada lampunya (LY),mesin jahit,,Portable,22621078,121,18
TGB Mesin Jahit Mini / Mesin Jahit Portable / Mesin Jahit Tangan,Mesin Jahit,,"Mini, Portable, Tangan",62845279,121,18
Mesin Jahit Mini Tangan / Handy Sewing Machine Unik Simple,Mesin Jahit,,"Mini, Tangan, Unik, Simple",139588830,121,17
Mesin jahit portable mini FHSM 202 Led,Mesin jahit,,"portable, mini",82978359,121,16
LIMITED MESIN JAHIT MINI PORTABLE DILENGKAPI DENGAN LAMPU,MESIN JAHIT,,"MINI, PORTABLE",139059684,121,16
Mesin jahit tangan mini,Mesin jahit,,"tangan, mini",160016089,121,15
Handy Stitch / Mesin jahit mini portable,Mesin Jahit,,"Mini, Portable",109926452,121,15
READY STOCK MESIN JAHIT MINI PORTABLE GT-202/FHSM-202,Mesin Jahit,,"Mini, Portable",75425131,121,13
(EY) MESIN JAHIT PORTABLE 202,Mesin Jahit,,Portable,72854305,121,13
TGB Mesin Jahit Mini / Mesin Jahit Portable / Mesin Jahit Tangan,Mesin Jahit,,"Mini, Portable, Tangan",62845279,121,13
MESIN JAHIT MINI PORTABLE GT-202 / FHSM-202 NEW ADA LAMPUNYA,Mesin Jahit,,"Mini, Portable",136206002,121,12
Mesin Jahit Mini Staples,Mesin Jahit,,Mini,61043033,121,12
LIMITED MESIN JAHIT MINI PORTABLE DILENGKAPI DENGAN LAMPU,Mesin Jahit,,"Mini, Portable",139059684,121,12
Spring Come Mesin Jahit Tangan,Mesin Jahit,Spring Come,Tangan,65415651,121,11
"Sepatu Ruffler / Rempel Mesin Jahit Rumah Tangga,portable,multifungsi",Mesin Jahit,Ruffler,"Portable, Multifungsi",47138124,121,11
Mesin Jahit Mini Portable Alfa JYSM-202 Lampu LED / Mini Sewing Machine,Mesin Jahit,,"Mini, Portable",128629922,121,11
Mesin Jahit Mini Staples Portable,Mesin Jahit,,"Mini, Portable",150544971,121,11
"Mesin jahit fhsm 202, Ada lampunya.",Mesin jahit,,,138687169,121,10
Mesin Jahit Tangan,Mesin Jahit,,Tangan,150950469,121,10
Mesin jahit mini sewing 202 double benang,Mesin Jahit,,"Mini, Double",48191349,121,10
TGB Mesin Jahit Mini / Mesin Jahit Portable / Mesin Jahit Tangan,Mesin Jahit,,"Mini, Portable, Tangan",62845279,121,10
READY STOCK MESIN JAHIT MINI PORTABLE GT-202/FHSM-202,Mesin Jahit,,"Mini, Portable",75425131,121,9
Handy Stitch / Mesin jahit mini portable,Mesin Jahit,,"Mini, Portable",160553648,121,9
NEW!!! Mesin Jahit Portable 202 (Versi terbaru dengan tambahan lampu LED),Mesin Jahit,,Portable,24058683,121,9
MESIN JAHIT MINI PORTABLE GT-202/FHSM-202 NEW ADA LAMPUNYA,Mesin Jahit,,"Mini, Portable",113123511,121,8
Spring Come Mesin Jahit Mini Tangan / Mesin Jahit Portable Mini,Mesin Jahit,,"Portable, Mini, Tangan",99856893,121,8
* Mesin jahit 12pola jahitan jiayie JYSM 605 Bonus packing bubble wrap,Mesin Jahit,Jiayie,,94610698,121,8
Mini Sewing Machine / Mesin Jahit Tangan,Mesin Jahit,,"Mini, Tangan",17802724,121,8
Mesin jahit 12 pola,Mesin Jahit,,,156568561,121,8
Mesin Jahit mini Staples / spring com,Mesin Jahit,Spring Come,Mini,168058055,121,8
Mesin Jahit Mini Sewing FHSM/ GT 202 S2 With Light Led,Mesin Jahit,,Mini,161303523,121,8
Mesin Jahit Mini Portable 202 / JYSM-202 / FHSM -202,Mesin Jahit,,"Mini, Portable",18332449,121,8
STOK HANYA 100 UNIT - Mesin Jahit JYSM 605 Lubang kancing Otomatis,Mesin Jahit,,Otomatis,41728972,121,8
Mesin Jahit Mini Portable FHSM 202 (New Versi Ada Lampunya),Mesin Jahit,,"Mini, Portable",72361660,121,8
Mesin Jahit Kecil TANGAN Mini SPRING COME,Mesin Jahit,Spring Come,"Mini, Kecil, Tangan",168817199,121,7
Mesin jahit mini portable gt 202,Mesin Jahit,,"Mini, Portable",165462747,121,7
Mesin jahit mini 4 in 1 sewing machine portable FHSM-202 ads lampu LED,Mesin Jahit,,"Mini, Portable",122976712,121,7
mesin jahit portable /mesin jahit mini,Mesin Jahit,,"Mini, Portable",26703273,121,7
Mesin jahit mini portable GT 202 portable sewing machine FHSM 202 ada lampunya,Mesin Jahit,,"Mini, Portable",117001927,121,7
Mesin jahit mini portable Handy Stitch,Mesin Jahit,,"Mini, Portable",33906113,121,7
MESIN JAHIT PORTABLE FHSM 202 DENGAN LAMPU,Mesin Jahit,,Portable,32593103,121,6
Mesin Jahit Tangan Mini Stapless Baju Celana Sewing Singer Staples,Mesin Jahit,,"Mini, Tangan",141341784,121,6
Mesin jahit mini tangan / mesin jahit spring come,Mesin Jahit,Spring Come,"Mini, Tangan",94610364,121,6
Mesin Jahit Mini Portable GT 202/FHSM- 202,Mesin Jahit,,"Mini, Portable",6625799,121,6
MESIN JAHIT PORTABEL FHSM 202 ADA LAMPU NYA,Mesin Jahit,,Portable,26818841,121,6
MESIN JAHIT MINI PORTABLE GT-202/FHSM-202 NEW ADA LAMPUMYA,Mesin Jahit,,"Mini, Portable",163472475,121,6
Mesin Jahit Mini Portable/Handy Stitch,Mesin Jahit,,"Mini, Portable",56603519,121,6
Mesin Jahit Mini Portable Tangan,Mesin Jahit,,"Mini, Portable, Tangan",84708929,121,6
Mesin Jahit Mini Portable / Mesin Jahit Portable Mini,Mesin Jahit,,"Mini, Portable",46561570,121,6
StarHome Mesin Jahit Mini Portable S2/GT-202/FHSM-202,Mesin Jahit,Star Home,"Mini, Portable",66104815,121,6
SALE MESIN JAHIT MINI PORTABEL FHSM 202/GT 202 NEW VERSION ADA LAMPUNYA,Mesin Jahit,,"Mini, Portable",139391162,121,6
MESIN JAHIT MINI PORTABLE GT-202 ~ MESIN JAIT KECIL ~ SEWING MACHINE,Mesin Jahit,,"Mini, Portable",74757302,121,6
apple learning quran / alat bantu belajar alquran model apple,Mesin Jahit,,"Mini, Portable",121473091,121,6
MESIN JAHIT MINI PORTABLE GT-202/ FHSM-202,Mesin Jahit,,"Mini, Portable",18623544,121,6
Mesin Jahit Mini Portable GT-202 / FHSM 202,Mesin Jahit,,"Mini, Portable",156540776,121,6
Mesin jahit handy stitch,Mesin jahit,,,157485709,121,5
Mesin Jahit Tangan Mini Portable / Handy Sewing Machine Portable,Mesin Jahit,,"Tangan, Mini, portable",61549296,121,5
MESIN JAHIT MINI PORTABLE SM-202 (ADA LAMPU ),Mesin Jahit,,"Mini, Portable",123881538,121,5
Mesin Jahit Mini Portable GT202/FHSM 202,Mesin Jahit,,"Mini, Portable",73999970,121,5
MESIN JAHIT MINI PORTABLE GT-202/FHSM-202 NEW GARANSI,Mesin Jahit,,"Mini, Portable",162557487,121,5
[JYSM605] Mesin jahit 12pola jahitan jiayie JYSM 605,Mesin jahit,,,157791878,121,5
Mesin Jahit Mini Portable Alfa JYSM-202 Lampu LED / Mini Sewing Machine,Mesin Jahit,,"Mini, Portable",128629922,121,5
Mesin Jahit Genggam Mini / Mesin Jahit Portable Mini,Mesin Jahit ,,"Genggam, Mini, Portable, Mini",127830043,121,11
Mesin Jahit Mini Portable GT-202 / Sewing Machine GT-202,Mesin Jahit ,,"Mini, Portable",51480320,121,10
(EY) MESIN JAHIT PORTABLE 202,Mesin Jahit ,,Portable,72854305,121,8
TERMURAH !! [ TYPE 202 ] MESIN JAHIT MINI PORTABLE GT-202 / FHSM-202 TERMURAH ( FREE BUBBLE),MESIN JAHIT ,,"MINI, PORTABLE",72076662,121,5
Mic Wireless Double HL 306,Mic Wireless,,Double,60087219,121,6
Mic KTV Bluetooth Q7 Portable Wireless Microphone Speaker Karaoke,Microphone,Q7,Bluetooh,161533022,121,6
Microphone Double Wireless - HOMIC HM-306,Microphone Wireless,HOMIC,Double,91834771,121,6
8 LED 1000X USB Digital Stand Video Kamera Mikroskop Endoskopi Magnifier,Mikroskop Digital,,"Magnifier, Stand",58452904,121,6
Philips Stand Mixer HR 1559 - Merah,Mixer,Philips,Merah,78993644,121,9
Mouse usb kabel logo toshiba packing dus,Mouse USB,Toshiba,,70095509,121,5
mp3 jepit + headset + kabel charger mini portable audio music player shuffle,MP3,,"mini, portable, jepit, shuffle",123668430,121,12
MP3 Sport Player,MP3 Player,,,138935283,121,7
Ruizu X08 HiFi DAP MP3 Player 8GB GOLD,MP3 Player,Ruizu,Gold,50956442,121,6
Multitester Digital 830B,Multitester,,Digital,59923970,121,5
Obeng Set Serbaguna 31 Mata in 1 Sunfree,Obeng,Sunfree,Serbaguna,22620942,121,5
Obeng 8in1 + Senter Lampu LED,"Obeng, Senter",,,122947099,121,17
Dispenser Odol,Odol,,Dispenser,140938774,121,12
CMOS Oven Listrik 8 Liter DN- 08,Oven,CMOS,8 liter,141232551,121,11
Panci+penggorengan maxim venice,Panci,Maxim,,8462445,121,7
Pelindung kipas angin,Pelindung kipas angin,,,102527802,121,10
PELINDUNG KIPAS ANGIN,Pelindung kipas angin,,,103618062,121,9
ENGRAVE IT - PEN UKIR ELECTRIC ( + PISAU CADANGAN),Pen Ukir Electric,,,36824144,121,10
"lovelygubuk pengaduk telur, pengaduk air, pengaduk kopi otomatis",Pengaduk,,Otomatis,68659218,121,7
Pengorengan maxim valentino(berat asli 2kilo),Pengorengan,Maxim,2kilo,1265155,121,18
Pengorengan maxim valentino(berat asli 2kilo),Pengorengan,Maxim,2kg,1265155,121,6
"RIDDEX QUAD Elektrik Pengusir Tikus, Nyamuk Dan Kecoa Aman Murah",Pengusir Tikus,Riddex Quad,"Tikus, Nyamuk, Kecoa, Aman, Murah",64030929,121,10
"Wooden polos 3,5cm penjepit foto polaroid",Penjepit foto,,"Polaroid, 3,5cm",114750765,121,13
PROMO Pewangi pelicin setrikaan laundry MSL mawar,Pewangi Pelicin,MSL,"Mawar, laundry",86879279,121,15
PROMO Pewangi pelicin setrikaan laundry MSL mawar,Pewangi Pelicin,MSL,Mawar,86879279,121,9
PROMO Pewangi pelicin setrikaan laundry MSL mawar,Pewangi Pelicin,MSL,Mawar,86879279,121,8
PROMO Pewangi pelicin setrikaan laundry MSL mawar,Pewangi Pelicin,MSL,Mawar,86879279,121,6
pisau set 6pcs keramik,Pisau,,Keramik,140702778,121,35
Sinclair 2 Kartu Pisau Lipat Aluminum Cardsharp Hidden Knife,Pisau Lipat,Sinclair,,148038417,121,5
Pompa Galon Elektrik Baterai Dispenser Galon,Pompa Galon,,Elektrik,80618368,121,12
Power supply switching 12V 30A,Power Supply,,"12V, 30A",126841329,121,7
Proyektor LCD mini Portabel Ruiq UC-28+24W dilengkapi HDMI/3.5mm/SD slot/AV/VGA/USB-abu-abu gelap,Proyektor LCD,,"Mini, Portable",68295853,121,6
CHEERLUX C6 MINI PROYEKTOR LED LCD,Proyektor LCD,Cheerlux,Mini,118216263,121,6
NEW Engrave It 2 mata ukir (1 mata cadangan) Alat Pulpen Ukir Elektrik,Pulpen Ukir Elektrik,,,92636781,121,8
"Getmecom HD5 New Generation Chipset Guoxin Receiver Parabola, IPTV, Bisskey, Power Vu",Receiver Parabola,Getmecom,,169274196,121,31
"Receiver Parabola Skybox A1 (A-1) Support USB Wifi, USB Modem, Tandberg, Power Vu, Ccamd, Bisskey",Receiver Parabola,Skybox,"USB Wifi, Support",35587152,121,16
"Receiver Parabola Skybox A-1 (A1) Support Bisskey, Powervu, Cccamd",Receiver Parabola,Skybox,,52200057,121,7
Receiver HD Topas Free 2 Tahun All channel mpeg4 TS2-39 Ada Port HDMI TV Parabola,Receiver Parabola,Topas,,90370790,121,6
"Receiver Parabola Getmecom HD5 Robocop MPEG-4 Tandberg Bisskey, Power Vu, Ccamd, Usb Network",Receiver Parabola,Getmecom,,31335166,121,5
Miyako Rice Cooker PSG 607 - Batik,Rice Cooker,Miyako,,78967559,121,30
QQ national magic com M818/ penanak nasi/rice cooker/penghangat nasi,Rice Cooker,QQ National,Nasi,6073033,121,10
Magic Com Rice Cooker Philips HD 3128 / Magicom Philips HD3128 / HD-3128,Rice Cooker,Philips,,47018430,121,9
Miyako Rice Cooker MCM 606 A - Biru,Rice Cooker,Miyako,Biru,78977187,121,8
Sunnyco Portable Rice Cooker Mini,Rice Cooker,Sunnyco,"Mini, Portable",11440771,121,8
Mini Rice Cooker 2susun + egg boiler,Rice Cooker,,"Mini, Susun",4764716,121,7
Miyako Rice Cooker MCM 528,Rice Cooker,Miyako,,76175240,121,7
Miyako Rice Cooker PSG 609 - Kuning,Rice Cooker,Miyako,Kuning,78968317,121,5
rokok elektric evod 1100mah,Rokok elektric,EVOD,1100mah,163940783,121,14
Rokok Elektrik CE5,Rokok Elektrik,,,165508794,121,43
rokok elektrik ego ce5 11.000mAh,Rokok Elektrik,ego,11.000mAh,134036652,121,20
evod 1100mah + refill rokok elektrik single vape vaporizer sisha 1.100mah 1100 1.100 mah,Rokok Elektrik,Evod,"Refill, 1.100mah",165731330,121,11
HAHA A111 Fan Cover / Sarung Penutup / Pelindung / Pembungkus Kipas Angin Murah,"Sarun g Penutup, Kipas Angin",,Murah,121751816,121,19
Sarung kipas angin hello kitty,Sarung kipas angin,Hello Kitty,,14721782,121,9
SARUNG / TEMPAT/ PELINDUNG / COVER KIPAS ANGIN,Sarung Kipas Angin,,,82676789,121,8
Sarung Pelindung Kipas Angin / Penutup Kipas Baling Angin Jaring / Fan Cover - X413,"Sarung Pelindung, Kipas Angin",,Penutup,73556071,121,18
Sarung Pelindung Kipas Angin / Penutup Kipas Baling Angin Jaring / Fan Cover - X413,"Sarung Pelindung, Kipas Angin",,"Penutup, Cover",73556071,121,12
Fan Cover / Sarung Penutup / Pelindung / Pembungkus Kipas Angin Murah,Sarung Penutup Kipas Angin,,,7960932,121,6
TGB Fan Cover / Sarung Penutup / Pelindung / Pembungkus Kipas Angin Murah,"Sarung Penutup, Kipas Angin",,,7113309,121,33
TGB Fan Cover / Sarung Penutup / Pelindung / Pembungkus Kipas Angin Murah,"Sarung Penutup, Kipas Angin",,Murah,7113309,121,23
HAHA A111 Fan Cover / Sarung Penutup / Pelindung / Pembungkus Kipas Angin Murah,"Sarung pEnutup, Kipas Angin",,"Cover, Murah",121751816,121,15
A111 hihi Fan Cover / Sarung Penutup / Pelindung / Pembungkus Kipas Angin Murah,"Sarung pEnutup, Kipas Angin",,"Cover, Murah",121806735,121,15
Sarung Pelindung Kipas Angin / Penutup Kipas Baling Angin Jaring / Fan Cover - X413,"Sarung Penutup, Kipas Angin",,Cover,73556071,121,15
Obeng 8 in 1 Senter Lampu LED Multifungsi Perkakas Screwdrivers Travel,Screwdrivers,,"Multifungsi, perkakas, travel",109940028,121,9
sendok set polkadot,sendok,,polkadot,140018233,121,114
[ PROMO MURAH ] Sendok Set Caspian 24pcs Cutlery set,Sendok,Caspian,24pcs,139334000,121,5
Senter police swat,Senter,,"Swat, Police",79613792,121,20
OBRAL senter led aluminium 1 baterai AA,Senter,,Aluminium,89921189,121,14
Lentera tarik + senter + powerbank lampu petromak,Senter,,Tarik,31875104,121,13
Senter Pompa (Tidak Perlu Baterai),Senter,,,136102469,121,12
Lampu Lentera Camping / Emergency Solar Cell + Powerbank + senter,Senter,,"Camping, Emergency",9478360,121,12
Lampu emergency / lentera tarik senter,Senter,,"Emergency, tarik",52598381,121,12
LENTERA SOLAR + SENTER SX-G87,Senter,,,35829265,121,11
Serba Grosir Murah lampu emergency darurat setipis atm / LED card senter bisa dilipat,Senter,,"Darurat, Emergency, Dilipat",7180416,121,11
Senter Pompa (Tidak Perlu Batere),Senter,,Pompa,64056967,121,9
Lampu emergency / lentera tarik senter,Senter,,"Emergency, tarik",52598381,121,9
Lentera tarik Solar Powerbank + senter PB emergency power bank tenaga surya solar cell camping kemah,Senter,,"Tarik, Camping",67698699,121,9
Senter stun gun 288 dengan laser pointer,Senter,,,127574842,121,9
Lampu lentera + senter 5800 T,Senter,,,170652950,121,8
Senter Swat / Police ( Army / Soldier ) /Senter Polos,Senter,,"Polos, Army",107270039,121,8
Senter Swat / Senter Police,Senter,,"Swat, Police",17535696,121,8
Lentera +SENTER Emergency SOLAR LIGHT Recharge/Lampu Lentera Camping SENTER+TARIK Multifungsi,Senter,,"Emergency, Recharge, Camping, Multifungsi",124887919,121,7
Senter Pompa (Tidak Perlu Batere),Senter,,Pompa,64057046,121,7
SENTER POMPA TANGAN / LAMPU EMERGENCY,Senter,,"Pompa, Tangan",102225882,121,7
Senter Swatt POLICE,Senter,,"Swat, police",56998981,121,7
Lampu emergency tempel led Stick n Click touch lamp senter Darurat bulat Mobil Lemari Dll,Senter,,"Emergency, Tempel, Bulat",58981560,121,7
Lenter senter SX-9598,Senter,,,79166930,121,6
Lampu senter KT,Senter,,,132403198,121,6
Senter Swat +Laser (Bisa Berfungsi Sebagai Pengaman Diri),Senter,,Swat,119812418,121,6
Senter Swat Police,Senter,,"Swat, Police",79077840,121,6
"Lampu camping,power bank,senter (KT)",Senter,,,34926980,121,6
Senter Swat Shuang Xiong Box Mini,Senter,"Shuang Xiong, Shuangxiong","Mini, Box, Swat",136048622,121,5
SENTER SWAT CHARGER,Senter,,"Swat, Charger",37078058,121,5
Senter LED Putih Terang Bercahaya SHIMURA | Harga Habisin Stok,Senter,SHIMURA,"Putih, Terang ",49261140,121,5
FREE ONGKIR Senter Pompa Tanpa Baterai (warna Acak),Senter,,,11756222,121,5
LampU Senter Kepala Led,Senter Kepala,,,128115383,121,6
Senter Kepala Cas 1911,Senter kepala,,,66570139,121,6
Senter kepala / headlamp led power zoom,Senter kepala,,,67360513,121,5
Senter kepala 20w ly-320A kawachi,Senter kepala,"kawachi, Kawachi",20w,115690372,121,5
SENTER POMPA Emergency Darurat Kemah di Mobil new,Senter pompa,,Emergency,10317724,121,6
Lampu Senter Sepeda depan Belakang,Senter Sepeda,,"Depan, Belakang",78384962,121,6
Senter Lampu Lentera SX-5800T ( Ukuran Sedang / Standart ),"Senter, Lentera",,"Sedang, Standart",80258829,121,15
PROMO speaker bluetooth logo,Sepaker,,Bluetooth,120373487,121,9
Sepatu Kerut / Gathering Foot CY-702 (Mesin Jahit Portable),"Sepatu Kerut, Gathering Foot",,Portable,52727757,121,6
Sepatu Semi Obras / Overcasting Foot CY-7310 (Mesin Jahit Portable),"Sepatu Semi Obras, Overcasting Foot",,Portable,47139112,121,5
[800 gram]amifarina SETRIKA UAP TOBI/ STRIKA UAP/ TRAVEL STEAMER/ GOSOKAN UAP,SETRIKA,TOBI,800 gram,82372561,121,49
Philips Diva Setrika GC122/37 - Ungu,Setrika,Philips,Ungu,126806555,121,35
Philips Setrika Listrik HD1173 - Pink,Setrika,Philips,Pink,126806719,121,28
Philips Setrika GC 122/37 - Ungu,Setrika,Philips,Ungu,79000062,121,15
Miyako Setrika EI 1000 M - Pink,Setrika,Miyako,Pink,78979152,121,12
Philips Setrika 1172 - Hitam,Setrika,Philips,Hitam,78982580,121,11
Setrika Uap Steamer Laundry Travel Steamer vs TOBI,Setrika,TOBI,,74306668,121,8
Setrika Philips Diva GC-122 ( GC122),Setrika,Philips,,6090915,121,7
SETRIKA / STRIKA MINI TRAVEL,Setrika,,Mini,151789357,121,6
Setrika Lipat Baju UAP SOARIN,Setrika,Soarin,,78811211,121,6
Setrika mini / mini iron,Setrika,,mini,61042140,121,6
Setrika Mini (warna acak),Setrika,,Mini,10292047,121,6
Philips Setrika HD 1173- Hitam,Setrika,Philips,,80310687,121,5
Maspion HA-110 Setrika (Dry Iron),Setrika,Maspion,,134464483,121,5
A077 hihi SETRIKA WAJAH /ION FACE MASSAGER,Setrika ,,Wajah,61707444,121,8
Philips Shaver PQ206 - Hitam-Maroon,Shaver,Philips,"Hitam, Maroon",126806723,121,7
LADYBUG TOOTH BRUSH / TEMPAT SIKAT GIGI KUMBANG,Sikat gigi,,"Tempat, Kumbang",142953382,121,13
Traveling snack sealer / hand sealer,Snack sealer,,traveling,141712867,121,16
Solder Timah Super (100 persen TOP) Merk Sheng Wei,Solder Timah,Sheng Wei,,70384341,121,7
Speaker fleco F-017 Motif kayu suara joss,Speaker,Fleco,,24053473,121,44
SPEAKER ADVANCE T-101 KF,Speaker,Advance,,23217865,121,27
Speaker FLECO F-017 / Speaker Mini Komputer F017,Speaker,FLECO,"Mini, Bluetooth",81813536,121,23
Speaker Multimedia USB 2.1 AUDI SP-810 SUPER BASS,Speaker,,Multimedia,71478810,121,14
Speaker murottal al quran edisi 20 Qori (Murah),Speaker,,"Al Quran, Murah",141988140,121,12
Speaker Quran Speaker audio Al Qur'an + kajian sunnah portable Fleco,Speaker,Fleco,Al Quran,54292536,121,10
Bose Speaker Bluetooth S307 / Mini Speker Bose Kualitas,Speaker,Bose,"Mini, Bluetooth",104683218,121,9
speaker Advance TP600 plus chip murottal 30juz 18qori,Speaker,Advance,,76033880,121,8
SPEAKER WIRELESS JBL CLIP,Speaker,,"Wireless, Clip",134081064,121,8
Speaker Mini USB Multimedia F1,Speaker,,"Mini, Multimedia",21498937,121,8
Speaker Murottal Alquran 30 Juz Dan Doa Harian,Speaker,,Alquran,88099085,121,8
speaker Advance TP600 plus chip murottal 30juz 18qori,Speaker,Advance,,76033880,121,6
Speaker Multimedia USB,Speaker,,Multimedia,21498313,121,6
Speaker Bluetooth / Zealot Mini Portable Bluetooth Speaker Super Bass,Speaker,Zealot,"Bluetooth, Mini, Portable",109073530,121,6
speaker ADVANCE DUO-200 SUPERBASS,Speaker,Advance,,12498835,121,6
Speaker advance T101 BT,Speaker,Advance,,70380168,121,5
Speaker bluetooth mini music new,Speaker,,"bluetooth, mini",23360664,121,5
Speaker Bluetooth Beats Pill Portable Stereo,Speaker ,Beats,"Bluetooth, Stereo, Portable",93345381,121,9
Speaker mobil advance T101,Speaker Mobil,Advance,,70378245,121,7
Speaker Al quran / Speaker alquran terjemahan,Spekaer,,"Al quran, terjemahan",70714739,121,23
Spidol Penanda Kain / Water Erasable Pen / Fabric Marker Merk Adger,Spidol Penanda Kain,Adger,Penanda,75144752,121,9
Bobbins/Spool Plastik Bening (+BOX) Isi 25 Pcs (Mesin Jahit Portable),Spool plastik,,portable,47122408,121,9
Miyako stand mixer sm625 3.5l,Stand Mixer,Miyako,3.5l,157386682,121,7
Steker datar T kepala 3,Steker,,"Datar, Kepala",69785775,121,10
Over Steker Gepeng / Adaptor Plug FUKUTA,Steker,Fukuta,,74097257,121,8
Steker Serbaguna Thoya,Steker,Thoya,,60088617,121,8
Steker 5 meter 5 lubang kyzuku,Steker,"kyzuku, Kyzuku",5 meter,88196847,121,6
Steker Over OverSteker Gepeng Travel Adaptor,Steker,,Travel,96733960,121,6
Stik ps2 Ori pabrik hitam OX,Stik,,"Hitam,PS2",128130535,121,7
Stopkontak Panasonic tipe Style minimalis putih,Sto[kontak,Panasonic,"Style, Minimalis, Putih",163778260,121,7
SHAKE N TAKE 3 ( 2TABUNG ),Tabung,Shake n Take,,32347010,121,23
Shake N Take 3 (2Tabung),Tabung,Shake n Take,,6447045,121,17
New Shake N Take Generasi 3 - 2 Tabung New Edition,Tabung,Shake n Take,,73639067,121,6
Shake N Take 3 (2Tabung),Tabung,Shake n Take,,6447045,121,5
Meteran Kain/Baju/Badan 150 cm Model Putar Gulung (Tailoring Tape),Tailoring tape,,"Meteran, Baju, Badan, 150 cm Putar, Gulung",75130706,121,10
Tali rope /tali goni /tali rami s,Tali goni,,,98843651,121,9
Tali rope /tali goni /tali rami s,Tali goni,,,98843651,121,5
Tali Jemuran Baju / Pakaian 5 M (meter) Praktis Gantungan Hanger,Tali jemuran,,5 meter,131838606,121,10
Tali Jemuran 5 meter Super Praktis,Tali Jemuran,,"5 meter, prkatis",117853594,121,8
Tali Jemuran 5 Meter Clothes Line Laundry Baju JEMURAN,Tali Jemuran,,5 meter,139475699,121,6
Tali Jemuran 5 meter Super Praktis,Tali Jemuran,,5 meter,117853594,121,5
Rakitan Tape Mobil Amplifier Stereo+ KIT USB MP3 FM,Tape Mobil,,"Rakitan, Amplifier",13173815,121,5
HHM376 - Tasbih Digital Mini Finger Counter penghitung digital muslim,Tasbih Digital,,"Mini, muslim",84375434,121,5
Fancy frypan maspion/ frypan pastela wajan teflon maspion,Teflon,Maspion,fancy,83464433,121,12
Teko siul rigoletto 3 L,Teko,"rigoletto, Rigoletto","Siul, 3L",148860810,121,5
LADYBUG TOOTH BRUSH / TEMPAT SIKAT GIGI KUMBANG,TEMPAT SIKAT GIGI,,"KUMBANG, LADYBUG",142953382,121,5
Termos karakter animal 500ml,Termos,,"500ml, animal",138412221,121,300
TERMOS AIR KARAKTER ANIMAL,Termos Air,,Animal,161254400,121,12
TERMOS AIR KARAKTER ANIMAL,Termos Air,,Animal,161254400,121,8
TERMOS AIR KARAKTER ANIMAL,Termos Air,,Animal,161254400,121,8
TERMOS AIR KARAKTER ANIMAL,Termos Air,,Animal,161255849,121,7
TERMOS AIR KARAKTER ANIMAL,Termos Air,,Animal,161254400,121,5
TERMOS AIR KARAKTER ANIMAL,TERMOS AIR,,ANIMAL,161254400,121,5
Timbangan Badan Digital Berat maks 180 kg Weight Personal Scale LCDni,Timbangan,,"Badan, Digital",164355431,121,23
Timbangan Digital 5 kg Plus Mangkuk,Timbangan,,"Digital, 5 kg",61150290,121,22
TIMBANGAN BADAN DIGITAL PERSONAL SCALE WEIGHT 26CM,Timbangan badan,,"Digital, 26 cm",56103742,121,16
TIMBANGAN DAPUR DIGITAL max 5kg-10kg Timbangan Kue,Timbangan Digital,,"5kg, 10kg, Digital",14383133,121,8
Timbangan Emas Digital 200g /0.01g /Portable Digital Scale,Timbangan Emas,,"Portable, Digital, 200g",77963094,121,9
[ TERMURAH FREE ONGKIR ] Tirai magnet Baichuan,Tirai magnet,Bai Chuan,,51989368,121,7
Tirai magnet baichuan,Tirai magnet,"baichuan, Bai Chuan",,141806108,121,6
"Token PLN 200,harga 190",Token,,,119917001,121,5
TUMBLR LAMP WARM WHITE,Tumblr lamp,,"warm, white",168065334,121,12
TV Tuner Receiver Digital Mikro USB Mini DVB-T Untuk Android 4.0 - 5.0,TV Tuber Receiver,,"Digital, Mini",69705541,121,10
USB LED SIKAT,USB LED,,,31172038,121,6
VACUM CLEANER SUPER HOOVER BOLDe Cylone Vacuum Cleaner 2 in 1 BOLDE ORIGINAL PENYEDOT DEBU MODERN,Vacuum Cleaner,Hoover,Modern,103914182,121,22
VACUM CLEANER SUPER HOOVER BOLDe Cylone Vacuum Cleaner 2 in 1 BOLDE ORIGINAL PENYEDOT DEBU MODERN,Vacuum cleaner,Hoover,"Original, Penyedot, Debu, Modern",103914182,121,12
[FREE ONGKIR] VACUUM CLEANER SUPER HOOVER BOLDE,Vacuum Cleaner,Hoover,,3978200,121,11
[FREE ONGKIR] VACUUM CLEANER SUPER HOOVER BOLDE,Vacuum Cleaner,Hoover,,3978200,121,6
Video Player MP3 MP4 RUIZU X02 HiFi 4G Didukung TF Card TA|L497,Video Player,,"MP3, MP4, HiFi",65909043,121,11
Baofeng Walkie Talkie HT (Handy Talkie) BF-888S UHF 16CH Free Earset,Walkie Talkie,Baofeng,,11783191,121,27
Wooden clip bamboo /penjepit kayu penjepit foto polaroid 6cm,Wooden clip,,"6cm, bamboo",144971925,121,12
Wooden clip,Wooden clip,,,122304750,121,10
Wooden clip /wooden klip /penjepit kayu untuk lampu tumblr,Wooden clip,,kayu,94211581,121,10
Wooden clip /wooden klip /penjepit kayu untuk lampu tumblr,Wooden clip,,Penjepit,94211581,121,7
Wooden clip /wooden klip /penjepit kayu untuk lampu tumblr,Wooden klip,,Penjepit,94211581,121,14